omega,node,D_iw
1,0,48.07905641394115
1,1,12.95096976367853
1,2,43.97060280531005
1,3,33.608794889423095
1,4,0.0
1,5,48.78127806550231
1,6,22.58809275503316
1,7,26.346049223548693
1,8,0.0
1,9,0.0
1,10,75.01721288044908
1,11,0.0
1,12,28.513156394231977
1,13,12.825620679663704
1,14,88.63487354156912
1,15,23.551492496982867
1,16,9.63638020723332
1,17,54.92530877166296
1,18,40.223156035387035
1,19,16.53335490170793
1,20,11.27920275034767
1,21,9.098375536729796
1,22,6.210663956178471
1,23,11.594514090070275
1,24,0.0
1,25,0.0
1,26,79.05654874620232
1,27,16.53128251650626
1,28,19.877492177966015
1,29,0.0
1,30,0.0
1,31,57.32767216516237
1,32,22.08252410106222
1,33,61.32006107288706
1,34,27.257723084708807
1,35,28.081577959948294
1,36,0.0
1,37,0.0
1,38,23.260711140151436
1,39,65.48692398596789
1,40,27.575091394602897
1,41,88.96438352976246
1,42,15.398989204116992
1,43,13.263435670255678
1,44,55.69927440366212
1,45,0.0
1,46,31.904915204647963
1,47,19.299019914867532
1,48,0.0
1,49,17.479075663590276
1,50,18.207603044906673
1,51,17.52251362140355
1,52,23.302285692851743
1,53,0.0
1,54,51.79126455706012
1,55,95.44866889032753
1,56,9.974466601051272
1,57,11.039533583386957
1,58,0.0
1,59,89.17905384291568
1,60,0.0
1,61,83.32001900604804
1,62,0.0
1,63,0.0
1,64,0.0
1,65,0.0
1,66,25.053665873968793
1,67,0.0
1,68,0.0
1,69,71.6237752313537
1,70,0.0
1,71,8.9611396861689
1,72,4.95052406593689
1,73,64.1025519391151
1,74,39.06518526729332
1,75,58.255578749972514
1,76,52.81542929462501
1,77,67.8257029818267
1,78,36.72824889288641
1,79,0.0
1,80,0.0
1,81,49.384669502544455
1,82,14.623061625040412
1,83,11.766155479513577
1,84,26.42567193027252
1,85,23.233106121506744
1,86,0.0
1,87,45.106552446977005
1,88,0.0
1,89,148.4348356958807
1,90,7.701876279476498
1,91,63.01748859867735
1,92,13.86894532103564
1,93,25.60428474058124
1,94,39.79023891177089
1,95,37.298415662526615
1,96,14.694852034614124
1,97,34.07248900843865
1,98,43.86599485715537
1,99,0.0
1,100,22.858134134495433
1,101,4.353012026789405
1,102,0.0
1,103,34.10790073390053
1,104,25.701179042058257
1,105,40.73535513365931
1,106,45.3472561942767
1,107,1.8140865095790095
1,108,6.6304048532303765
1,109,40.09685083432873
1,110,0.0
1,111,74.23675265917811
1,112,6.581606468365653
1,113,6.414279796846758
1,114,18.7913139591546
1,115,175.13273626303962
1,116,19.755512915378564
1,117,31.966971181464434
2,0,112.8962774489432
2,1,46.859972928809036
2,2,81.68626817046108
2,3,59.097815701298316
2,4,0.0
2,5,47.71740209882945
2,6,37.43682751972995
2,7,30.034018080148112
2,8,0.0
2,9,0.0
2,10,114.8757220704615
2,11,0.0
2,12,33.40600631905941
2,13,73.4167609398364
2,14,96.8144480260928
2,15,41.16024116996517
2,16,11.4399380774962
2,17,95.96811556016087
2,18,85.94628206621017
2,19,19.782972674449766
2,20,26.728318544306102
2,21,9.883461679274149
2,22,6.969101200035197
2,23,16.86947405918025
2,24,0.0
2,25,0.0
2,26,66.97876957323857
2,27,30.530234680425387
2,28,23.654607402179785
2,29,0.0
2,30,0.0
2,31,66.77154553520009
2,32,24.112085614683703
2,33,76.64305949096409
2,34,36.5451131276679
2,35,41.910177475286844
2,36,0.0
2,37,0.0
2,38,55.26001553432959
2,39,91.47572781158536
2,40,32.7474869325789
2,41,216.56943161938068
2,42,24.73063120584062
2,43,67.89550590002023
2,44,58.50957672608669
2,45,0.0
2,46,65.8047090521502
2,47,27.654610306217798
2,48,0.0
2,49,17.954794245980608
2,50,36.30295742086957
2,51,17.732418844778543
2,52,35.411547343564834
2,53,0.0
2,54,74.71702325133037
2,55,114.0295217102504
2,56,12.9745322022541
2,57,11.892609203363113
2,58,0.0
2,59,81.84413320972139
2,60,0.0
2,61,95.06331275288392
2,62,0.0
2,63,0.0
2,64,0.0
2,65,0.0
2,66,28.187365790153372
2,67,0.0
2,68,0.0
2,69,88.23579682346971
2,70,0.0
2,71,15.36874120397787
2,72,5.651068213597092
2,73,74.86166044112788
2,74,48.048215818428474
2,75,75.89648309080069
2,76,95.93488702711807
2,77,290.1563116407438
2,78,39.69649399113702
2,79,0.0
2,80,0.0
2,81,132.19702219767242
2,82,34.559535702363235
2,83,20.071013239209233
2,84,39.42160444177975
2,85,25.8045264613499
2,86,0.0
2,87,66.43818240376544
2,88,0.0
2,89,209.29006968024706
2,90,9.327935417140793
2,91,74.033193917356
2,92,17.18368478260137
2,93,33.327271186047945
2,94,54.443655807424285
2,95,48.805263992899455
2,96,20.527438616718385
2,97,86.83068158448381
2,98,56.29435523426323
2,99,0.0
2,100,22.439595790947724
2,101,17.0348259691219
2,102,0.0
2,103,53.3227239990849
2,104,60.34735064294201
2,105,174.23880023209418
2,106,75.26036679987705
2,107,2.8547552413751527
2,108,8.703449553241082
2,109,38.77775448281548
2,110,0.0
2,111,67.6433291838008
2,112,6.666511704113516
2,113,24.764206654596006
2,114,36.80802940533946
2,115,256.2199118582606
2,116,27.844248417454796
2,117,39.87670851370997
3,0,52.323573780973035
3,1,20.549378015002162
3,2,49.6003425319041
3,3,65.47011285605355
3,4,0.0
3,5,70.0393830585896
3,6,20.37281891309764
3,7,27.587519853324697
3,8,0.0
3,9,0.0
3,10,67.3593729450772
3,11,0.0
3,12,33.451726995103925
3,13,17.517140083650997
3,14,370.64611408405057
3,15,47.921356943799374
3,16,14.00996405387972
3,17,130.36201360176557
3,18,62.54019537856264
3,19,20.823555437054274
3,20,25.175500519275843
3,21,19.5340967475532
3,22,7.028171142031283
3,23,18.323475464682616
3,24,0.0
3,25,0.0
3,26,77.28684237069774
3,27,18.329455856902808
3,28,39.31663099747799
3,29,0.0
3,30,0.0
3,31,73.33807483121275
3,32,36.56798603900841
3,33,82.4067486288607
3,34,419.4897676038476
3,35,153.78716509796163
3,36,0.0
3,37,0.0
3,38,27.1069336360032
3,39,74.5063995638516
3,40,32.5775601599218
3,41,108.62010870828298
3,42,31.01611639613822
3,43,24.04261999541423
3,44,53.424849481236734
3,45,0.0
3,46,46.58230592686599
3,47,31.0469215565851
3,48,0.0
3,49,21.80634939624567
3,50,18.410046801047137
3,51,20.29984906341507
3,52,43.21530144125103
3,53,0.0
3,54,79.88039868533487
3,55,107.22072747650473
3,56,11.140117422801048
3,57,20.62473825466057
3,58,0.0
3,59,127.66713607810314
3,60,0.0
3,61,260.6614704139083
3,62,0.0
3,63,0.0
3,64,0.0
3,65,0.0
3,66,54.68772029466977
3,67,0.0
3,68,0.0
3,69,91.19139521761846
3,70,0.0
3,71,23.56906600216486
3,72,5.827515796336995
3,73,72.23691049288232
3,74,57.27659500163229
3,75,97.45056799892757
3,76,56.91583317413415
3,77,74.70914570811725
3,78,57.92929399881553
3,79,0.0
3,80,0.0
3,81,77.16907413281959
3,82,19.89318196692606
3,83,32.67537280124911
3,84,37.61586487010352
3,85,113.80132604603693
3,86,0.0
3,87,48.81965100070687
3,88,0.0
3,89,311.4557040346162
3,90,10.976028534547762
3,91,69.11204086643275
3,92,24.058713853017274
3,93,31.8343359327089
3,94,50.69364203260233
3,95,338.4744554349184
3,96,17.847506349454978
3,97,67.26221665003449
3,98,64.96662122150033
3,99,0.0
3,100,39.365168074610025
3,101,5.578835696163932
3,102,0.0
3,103,44.67379958296189
3,104,30.764665623917175
3,105,56.127754639977816
3,106,112.24364461882897
3,107,2.1084435846180036
3,108,9.594579333873318
3,109,54.14055218904595
3,110,0.0
3,111,109.25315247575861
3,112,9.014120796222556
3,113,45.484006073679105
3,114,24.229644937484075
3,115,374.93436436459336
3,116,19.533954617870585
3,117,30.626519925494513
4,0,122.43367104625067
4,1,23.169594863553435
4,2,104.26994359518584
4,3,118.10342873589347
4,4,0.0
4,5,53.834300884939225
4,6,21.682231327650232
4,7,25.659773406412544
4,8,0.0
4,9,0.0
4,10,77.7433533965014
4,11,0.0
4,12,51.78871648607515
4,13,14.128910842351747
4,14,115.81105734076223
4,15,27.122506508034185
4,16,17.077945751093925
4,17,66.02244052741763
4,18,45.03406683170603
4,19,20.804207540530257
4,20,48.34343316697083
4,21,16.214931016524694
4,22,10.65006398396212
4,23,12.609556255513688
4,24,0.0
4,25,0.0
4,26,85.53776327752432
4,27,21.98982198783558
4,28,43.063455153429544
4,29,0.0
4,30,0.0
4,31,63.21218519019189
4,32,31.834994867333734
4,33,67.80606597395096
4,34,44.97224249861664
4,35,52.50779278569102
4,36,0.0
4,37,0.0
4,38,24.920247917033876
4,39,65.7284737599352
4,40,33.61970263738034
4,41,93.81030287832164
4,42,38.51108324412165
4,43,16.204420815380434
4,44,83.61186076402306
4,45,0.0
4,46,41.811658864457335
4,47,19.403829979367142
4,48,0.0
4,49,22.8651906258683
4,50,40.99734666668712
4,51,38.86732491824942
4,52,50.87428409064196
4,53,0.0
4,54,112.746353569107
4,55,307.9596321912299
4,56,16.34207964825093
4,57,12.032494890941196
4,58,0.0
4,59,78.345125649436
4,60,0.0
4,61,82.13773638184493
4,62,0.0
4,63,0.0
4,64,0.0
4,65,0.0
4,66,29.017397694602032
4,67,0.0
4,68,0.0
4,69,88.97848917405976
4,70,0.0
4,71,11.541526465820473
4,72,7.344365031957818
4,73,78.62557292052816
4,74,46.78002228593839
4,75,91.05515132086269
4,76,56.33959115830198
4,77,84.38437917159683
4,78,48.01641309411181
4,79,0.0
4,80,0.0
4,81,53.834529328789955
4,82,20.54553358909994
4,83,10.857906554463252
4,84,27.133899382077175
4,85,71.80115597906214
4,86,0.0
4,87,56.890659024840474
4,88,0.0
4,89,154.65921205361283
4,90,16.35582385756352
4,91,122.37751972716273
4,92,14.453116387399076
4,93,28.93480914884294
4,94,51.74828557141708
4,95,83.96445718104167
4,96,15.037069986630101
4,97,63.7404880479937
4,98,41.67654834798306
4,99,0.0
4,100,28.838521591381863
4,101,6.856176239986682
4,102,0.0
4,103,54.116778851081186
4,104,32.870727308166714
4,105,44.293549601722056
4,106,82.4729484546437
4,107,2.1702235654070514
4,108,25.088710960963077
4,109,46.54802437563607
4,110,0.0
4,111,207.3426826834534
4,112,12.014385240125492
4,113,19.05583867427462
4,114,29.786836377724025
4,115,187.47579943324524
4,116,21.691809770281687
4,117,56.415792575763724
5,0,109.76731428392692
5,1,19.304100750371145
5,2,63.94615305084736
5,3,108.86540834161386
5,4,0.0
5,5,105.44268618294528
5,6,56.73753644172813
5,7,33.359936390723064
5,8,0.0
5,9,0.0
5,10,148.97530549694028
5,11,0.0
5,12,99.95012925234757
5,13,22.558251783995278
5,14,87.89136209342193
5,15,24.301684070633844
5,16,14.262010203347451
5,17,71.24978501425153
5,18,137.981403604177
5,19,22.109636961517715
5,20,15.290210421335388
5,21,11.38348008719224
5,22,8.2052006165728
5,23,19.093257964207485
5,24,0.0
5,25,0.0
5,26,86.11053427989994
5,27,16.698121804658918
5,28,30.488821195674785
5,29,0.0
5,30,0.0
5,31,144.0830884234889
5,32,78.20684619510438
5,33,121.43499059126718
5,34,56.41243787262794
5,35,55.019299913964076
5,36,0.0
5,37,0.0
5,38,74.94025290502276
5,39,69.0313311605227
5,40,37.93272440460581
5,41,111.19292303490374
5,42,20.293289758558654
5,43,36.58487164443468
5,44,55.5690192177542
5,45,0.0
5,46,36.501950279228886
5,47,19.104780077335878
5,48,0.0
5,49,17.154939580795475
5,50,18.451097598214886
5,51,17.47690083250102
5,52,22.424188798356877
5,53,0.0
5,54,98.2156196144236
5,55,85.81804522482167
5,56,14.399756370925916
5,57,14.258382488582477
5,58,0.0
5,59,97.37315127246231
5,60,0.0
5,61,98.53301831567839
5,62,0.0
5,63,0.0
5,64,0.0
5,65,0.0
5,66,33.607159237372024
5,67,0.0
5,68,0.0
5,69,86.91209934199449
5,70,0.0
5,71,15.416778103674737
5,72,5.771699860484036
5,73,240.61794988414536
5,74,47.87673898567801
5,75,76.18315278588913
5,76,94.50671377681175
5,77,95.72872179994019
5,78,42.563500721925706
5,79,0.0
5,80,0.0
5,81,59.149370936073865
5,82,23.589137457316102
5,83,14.57832538151091
5,84,24.25225067808413
5,85,25.078810501102673
5,86,0.0
5,87,46.20879072982622
5,88,0.0
5,89,197.10293296821192
5,90,23.245168134778424
5,91,139.42240330504922
5,92,42.716701327740644
5,93,36.226462324519794
5,94,60.79897998003819
5,95,37.603802736063884
5,96,19.064467150625898
5,97,44.01495518143272
5,98,57.395125335973965
5,99,0.0
5,100,23.789426264889244
5,101,7.33607196175764
5,102,0.0
5,103,88.78689296355971
5,104,31.244073125555754
5,105,38.67823395101779
5,106,125.82087854083805
5,107,2.183831703910258
5,108,23.966206521772094
5,109,135.14181911922762
5,110,0.0
5,111,68.53347191061074
5,112,8.71681108338845
5,113,37.000825269418634
5,114,28.10225593581922
5,115,532.673838655636
5,116,20.131941476606546
5,117,34.17124057230782
6,0,226.81155131070912
6,1,27.97596866087605
6,2,65.39127573561578
6,3,40.99149825069571
6,4,0.0
6,5,50.34503269404728
6,6,23.15912272479617
6,7,72.2974643922836
6,8,0.0
6,9,0.0
6,10,71.22661090337421
6,11,0.0
6,12,36.40859454662607
6,13,20.321837345965655
6,14,148.19842682758423
6,15,27.377327542062037
6,16,11.967327929933914
6,17,58.445801421609865
6,18,44.9611074024325
6,19,28.82430462069033
6,20,14.91101218094089
6,21,11.225968598322229
6,22,9.144244142871182
6,23,16.446961567755974
6,24,0.0
6,25,0.0
6,26,217.36848881948833
6,27,18.731165676843172
6,28,37.72688164287257
6,29,0.0
6,30,0.0
6,31,180.66505893856484
6,32,25.228862568588056
6,33,59.4327023375801
6,34,35.05260342286934
6,35,52.06291718148596
6,36,0.0
6,37,0.0
6,38,25.47638156847619
6,39,72.23708723806794
6,40,34.25314318475306
6,41,901.8439543714786
6,42,24.344989742824666
6,43,15.249432275674122
6,44,290.2271319479763
6,45,0.0
6,46,43.8999414801029
6,47,19.241807361012167
6,48,0.0
6,49,17.153796618163152
6,50,16.654721167601537
6,51,22.994692010205096
6,52,21.846739075366113
6,53,0.0
6,54,82.11931343748316
6,55,122.18371231302596
6,56,11.547851305265985
6,57,12.089072852815317
6,58,0.0
6,59,154.7050756864083
6,60,0.0
6,61,88.46981650432329
6,62,0.0
6,63,0.0
6,64,0.0
6,65,0.0
6,66,46.26652033801143
6,67,0.0
6,68,0.0
6,69,87.58628571218922
6,70,0.0
6,71,13.865084777514081
6,72,6.758585978665311
6,73,70.33478692905328
6,74,48.911065795528636
6,75,78.32996431574209
6,76,340.2822358683667
6,77,110.77619711444429
6,78,83.40391111419436
6,79,0.0
6,80,0.0
6,81,51.80298071005709
6,82,26.40271150389704
6,83,10.8959702548236
6,84,30.656282894805035
6,85,29.89786274038009
6,86,0.0
6,87,90.60036180057187
6,88,0.0
6,89,208.4915208313539
6,90,14.313195912002257
6,91,80.31344927510406
6,92,30.52716033431164
6,93,77.470882050304
6,94,42.069217601947265
6,95,41.41028762273914
6,96,19.05082655608694
6,97,52.36029710854086
6,98,44.251200912034726
6,99,0.0
6,100,23.131846617698553
6,101,4.924238803375981
6,102,0.0
6,103,124.90240543636128
6,104,32.85067022013846
6,105,42.307617135879994
6,106,61.897846714995495
6,107,2.1312413653923126
6,108,13.91412411372548
6,109,46.82397070760167
6,110,0.0
6,111,336.5722731218429
6,112,7.005186662829128
6,113,19.7035437998457
6,114,24.808755381482868
6,115,209.9956898441173
6,116,21.08527782223288
6,117,152.36300896484613
7,0,74.95009676160157
7,1,22.718524502537957
7,2,45.7871524147263
7,3,38.74654139613884
7,4,0.0
7,5,102.47820853338531
7,6,24.092592105055225
7,7,27.5028893463455
7,8,0.0
7,9,0.0
7,10,140.74173512514878
7,11,0.0
7,12,62.273196004364266
7,13,13.715063442341409
7,14,198.29759487183608
7,15,26.890448271040526
7,16,23.157599544238565
7,17,67.98820782641774
7,18,58.76936054593379
7,19,36.57596879362695
7,20,20.26058516747954
7,21,16.896004781961622
7,22,20.16215575676151
7,23,46.53939655907989
7,24,0.0
7,25,0.0
7,26,65.04513581193923
7,27,17.370630018961613
7,28,30.022034116346344
7,29,0.0
7,30,0.0
7,31,92.69622019961068
7,32,41.442220279080935
7,33,245.59618085343874
7,34,78.13304797004226
7,35,33.79036246748024
7,36,0.0
7,37,0.0
7,38,43.74543241119785
7,39,125.64829127725098
7,40,47.44407571745616
7,41,246.8929535870706
7,42,21.514313936498738
7,43,15.542975238736455
7,44,54.57791386156455
7,45,0.0
7,46,34.19807464488535
7,47,30.789588045917746
7,48,0.0
7,49,18.450356199936145
7,50,22.54010854069542
7,51,23.164506251745053
7,52,53.649616807335015
7,53,0.0
7,54,183.40978219074546
7,55,85.9043470950392
7,56,20.95302182247928
7,57,15.95045763718394
7,58,0.0
7,59,248.22202931127288
7,60,0.0
7,61,120.96613457000888
7,62,0.0
7,63,0.0
7,64,0.0
7,65,0.0
7,66,27.323269289641203
7,67,0.0
7,68,0.0
7,69,79.65888798725159
7,70,0.0
7,71,14.095058905236456
7,72,7.065648117542835
7,73,70.42398971431152
7,74,72.19038943101232
7,75,227.74051807552686
7,76,361.03369345248734
7,77,161.5744584324886
7,78,117.05460405389009
7,79,0.0
7,80,0.0
7,81,59.74317534589044
7,82,21.441690721386617
7,83,10.827661549370497
7,84,24.424908410500567
7,85,24.83728402420287
7,86,0.0
7,87,95.18367025571621
7,88,0.0
7,89,1220.479606392529
7,90,9.591148265425206
7,91,97.2973068089563
7,92,12.025974512984524
7,93,42.15096916224713
7,94,177.54505933594146
7,95,39.593569312578985
7,96,20.73563510647871
7,97,83.93042049609372
7,98,50.75090105050867
7,99,0.0
7,100,41.37375817060622
7,101,5.068244138058207
7,102,0.0
7,103,38.05039897881274
7,104,141.4752223313966
7,105,115.8788723653481
7,106,76.37666086498933
7,107,2.132098971881927
7,108,101.32953594614908
7,109,43.68272363407915
7,110,0.0
7,111,89.01352431636
7,112,10.885517729690514
7,113,10.4805102822696
7,114,46.23601473140287
7,115,184.42692405716335
7,116,27.607062438068905
7,117,33.90533819862882
8,0,51.827759703479614
8,1,21.43276395198864
8,2,34.05573990947207
8,3,35.936071911282205
8,4,0.0
8,5,38.78965275305714
8,6,22.245222897630555
8,7,25.16709656131444
8,8,0.0
8,9,0.0
8,10,59.283992332487415
8,11,0.0
8,12,31.434200927134537
8,13,13.388338814163655
8,14,76.24870018578578
8,15,23.072398749728958
8,16,8.496932821485297
8,17,55.669616400646795
8,18,42.348702726238066
8,19,17.27035863837598
8,20,13.57696290234135
8,21,8.592290770597637
8,22,5.764174178793785
8,23,11.562480013771884
8,24,0.0
8,25,0.0
8,26,70.13501382358628
8,27,17.344190772791617
8,28,19.68521824208373
8,29,0.0
8,30,0.0
8,31,70.80042588676888
8,32,23.705569043623317
8,33,52.64224714197287
8,34,27.919935786984215
8,35,29.403815584823857
8,36,0.0
8,37,0.0
8,38,24.874997295514593
8,39,62.429265001762175
8,40,35.92206219654038
8,41,98.06334814367099
8,42,15.398425061846188
8,43,13.935222187311245
8,44,62.636380300597324
8,45,0.0
8,46,26.978481956866858
8,47,20.040999368141463
8,48,0.0
8,49,15.438068265026178
8,50,16.467213095269184
8,51,16.233514351040423
8,52,21.725840143795182
8,53,0.0
8,54,61.096041668820504
8,55,85.77614512063975
8,56,10.722146389363301
8,57,9.10957751346872
8,58,0.0
8,59,58.4161473621902
8,60,0.0
8,61,81.5100409009051
8,62,0.0
8,63,0.0
8,64,0.0
8,65,0.0
8,66,23.751562087035662
8,67,0.0
8,68,0.0
8,69,61.97249850719932
8,70,0.0
8,71,10.255784650103495
8,72,5.6763865262286055
8,73,66.21480370637448
8,74,40.811385388440996
8,75,68.83074148161441
8,76,62.1030787229195
8,77,67.88386095485555
8,78,36.808786624092235
8,79,0.0
8,80,0.0
8,81,55.238517885171255
8,82,21.3751841004021
8,83,10.015748399586371
8,84,25.519442617819536
8,85,18.24926066141187
8,86,0.0
8,87,45.53634308366928
8,88,0.0
8,89,117.39087616668421
8,90,8.914865448896496
8,91,59.38759568503488
8,92,12.151773074762389
8,93,31.113647537011886
8,94,32.11144823161553
8,95,35.691922955750655
8,96,13.992655163429847
8,97,33.981946941439446
8,98,38.25058608293793
8,99,0.0
8,100,21.76497023959081
8,101,5.354865261918375
8,102,0.0
8,103,39.363149306505264
8,104,32.493047674794624
8,105,36.04179445270891
8,106,43.37351390574929
8,107,1.8040814460125132
8,108,5.560403660109006
8,109,37.11180818180875
8,110,0.0
8,111,68.45221394411183
8,112,6.964401884610445
8,113,8.860747916642138
8,114,22.574877905548526
8,115,178.1642631256263
8,116,19.578510135117167
8,117,27.41785153920603
9,0,73.50359963403314
9,1,28.28085472456331
9,2,42.732858559205184
9,3,52.026731116015156
9,4,0.0
9,5,94.63902684678855
9,6,44.80139091597347
9,7,60.086693495371364
9,8,0.0
9,9,0.0
9,10,67.83564053786436
9,11,0.0
9,12,48.889397446280675
9,13,17.917378455560833
9,14,87.60052215391767
9,15,27.67354958125881
9,16,11.639296496360988
9,17,58.913332976277744
9,18,50.0779961608611
9,19,35.195895101371576
9,20,14.057900545594826
9,21,11.76974355518363
9,22,10.342458653746455
9,23,15.430014837180888
9,24,0.0
9,25,0.0
9,26,69.35301099287061
9,27,18.86308885110395
9,28,40.83459275380251
9,29,0.0
9,30,0.0
9,31,63.16717283589886
9,32,24.680704441108634
9,33,83.32370260298185
9,34,55.867487605191
9,35,40.39207509308173
9,36,0.0
9,37,0.0
9,38,40.27503616387247
9,39,122.77687670894201
9,40,46.475772251672495
9,41,101.24423178832265
9,42,18.016907212920987
9,43,14.78941493503876
9,44,63.342799671491434
9,45,0.0
9,46,41.63210305671858
9,47,21.38536738316712
9,48,0.0
9,49,18.345913144519745
9,50,36.60247904765125
9,51,29.487112500340555
9,52,23.00791368382562
9,53,0.0
9,54,72.41462175220055
9,55,171.304748099445
9,56,17.407764020691346
9,57,18.90886566228336
9,58,0.0
9,59,80.04563873059743
9,60,0.0
9,61,118.18669249330624
9,62,0.0
9,63,0.0
9,64,0.0
9,65,0.0
9,66,34.87464709124436
9,67,0.0
9,68,0.0
9,69,86.03155705046586
9,70,0.0
9,71,12.069680567933835
9,72,7.224352092976085
9,73,90.85851809823318
9,74,60.75711989309642
9,75,111.4922093171592
9,76,60.40641342214025
9,77,84.76984831273857
9,78,64.57040241156274
9,79,0.0
9,80,0.0
9,81,198.29894609285856
9,82,29.547084676615626
9,83,25.206712709396236
9,84,26.924435194672533
9,85,40.121196171327384
9,86,0.0
9,87,73.93106264229138
9,88,0.0
9,89,180.4793269962706
9,90,19.813660876735604
9,91,71.4965597029829
9,92,12.098559401334187
9,93,95.07130485702555
9,94,46.04570972767776
9,95,56.62246131326631
9,96,18.940606439542023
9,97,36.97798975574632
9,98,39.570088485952674
9,99,0.0
9,100,24.909264690723678
9,101,6.53067748087286
9,102,0.0
9,103,79.22440672392383
9,104,47.82774976952225
9,105,38.60349182376889
9,106,56.1582758252242
9,107,1.982542416891694
9,108,8.726400996867083
9,109,74.77810662278206
9,110,0.0
9,111,71.85577619069515
9,112,8.11782660828638
9,113,8.531738118420256
9,114,22.586963065261784
9,115,205.23508704057366
9,116,23.12153690940006
9,117,37.633678200162436
10,0,50.03771536597667
10,1,20.18900961618334
10,2,53.64993662711661
10,3,42.701814357901746
10,4,0.0
10,5,79.12178696422251
10,6,33.96314121155594
10,7,57.999840376395184
10,8,0.0
10,9,0.0
10,10,117.59950146282662
10,11,0.0
10,12,34.10648539053025
10,13,16.60561661418687
10,14,127.24528473984306
10,15,115.27140495279997
10,16,25.886616662955785
10,17,71.88100525681334
10,18,45.48564484902758
10,19,19.182377241279035
10,20,28.527929351832828
10,21,9.445689720920743
10,22,7.734035457067663
10,23,38.559048607982305
10,24,0.0
10,25,0.0
10,26,79.2915749302739
10,27,17.14102347866427
10,28,23.824671298180323
10,29,0.0
10,30,0.0
10,31,95.17525935237241
10,32,24.088867821686094
10,33,78.45435798328229
10,34,39.05296167760296
10,35,55.82519504913095
10,36,0.0
10,37,0.0
10,38,49.16121374506179
10,39,71.4355355376627
10,40,46.207733688236004
10,41,132.38832490786757
10,42,22.00669090304923
10,43,24.09973498626043
10,44,100.68342475169763
10,45,0.0
10,46,62.14858143716047
10,47,25.13543933986621
10,48,0.0
10,49,18.125608429414125
10,50,18.078915550810407
10,51,18.6575961129991
10,52,29.663164182590528
10,53,0.0
10,54,59.73536283060959
10,55,195.58932553895664
10,56,11.050608488939421
10,57,14.530894566665182
10,58,0.0
10,59,77.96962796944484
10,60,0.0
10,61,94.14064860029853
10,62,0.0
10,63,0.0
10,64,0.0
10,65,0.0
10,66,43.23105157521255
10,67,0.0
10,68,0.0
10,69,75.962258978086
10,70,0.0
10,71,14.59782384537735
10,72,5.730552843970622
10,73,132.6326624560345
10,74,70.12344850886006
10,75,100.36599394473235
10,76,108.48433310229386
10,77,73.79328070184972
10,78,69.4052312132689
10,79,0.0
10,80,0.0
10,81,54.24806147988863
10,82,56.06504716142191
10,83,10.803746872286036
10,84,23.962003727538093
10,85,50.37655545183138
10,86,0.0
10,87,48.30065782306821
10,88,0.0
10,89,255.60917708105967
10,90,14.471641017165393
10,91,125.38031230893431
10,92,13.365052219480908
10,93,102.56637716826009
10,94,55.9474653683731
10,95,38.278908873331616
10,96,71.76639702084108
10,97,39.39974270361715
10,98,50.512631396604775
10,99,0.0
10,100,31.901067898887455
10,101,5.670081906932812
10,102,0.0
10,103,43.042130678287954
10,104,40.57888111413202
10,105,44.69813845254649
10,106,58.566525174312275
10,107,3.5040429239184916
10,108,8.535327437359937
10,109,114.1549242012133
10,110,0.0
10,111,68.84236143734866
10,112,6.85329853844626
10,113,10.256816673667062
10,114,32.250198744216384
10,115,332.740859319045
10,116,23.73922270189396
10,117,45.98943810552014
11,0,155.78836858061607
11,1,27.020424124650848
11,2,40.24595892586153
11,3,84.5621347517286
11,4,0.0
11,5,191.07055893549492
11,6,25.355620624058794
11,7,31.263512920735216
11,8,0.0
11,9,0.0
11,10,98.28565654725506
11,11,0.0
11,12,36.38447705892185
11,13,14.437896382388383
11,14,199.18960194653323
11,15,40.12837506774852
11,16,13.709488740627663
11,17,180.94342435237246
11,18,61.70075152661815
11,19,24.944533932097038
11,20,15.60025344596255
11,21,15.420204330223207
11,22,7.016013038038557
11,23,18.068078981189167
11,24,0.0
11,25,0.0
11,26,139.67763541501284
11,27,48.935967411294975
11,28,26.40661470451069
11,29,0.0
11,30,0.0
11,31,63.030442082468554
11,32,24.193300020016366
11,33,76.4467975891448
11,34,35.07292736160784
11,35,46.00005792564407
11,36,0.0
11,37,0.0
11,38,77.90626800811472
11,39,125.4586510658861
11,40,39.54542040210197
11,41,97.40070351524983
11,42,33.44700705098026
11,43,19.247288160783224
11,44,59.40347400269827
11,45,0.0
11,46,173.2427028392174
11,47,19.209514852560147
11,48,0.0
11,49,20.1934500180768
11,50,19.40828358617763
11,51,33.792764986717216
11,52,62.580530333945426
11,53,0.0
11,54,63.97938123925223
11,55,99.19719399481815
11,56,16.106402235367778
11,57,12.352041860628097
11,58,0.0
11,59,89.43000313066618
11,60,0.0
11,61,101.79235592339266
11,62,0.0
11,63,0.0
11,64,0.0
11,65,0.0
11,66,46.799970367807454
11,67,0.0
11,68,0.0
11,69,81.27545742178751
11,70,0.0
11,71,11.99904865213481
11,72,11.89930617609031
11,73,83.82629499038066
11,74,133.13281557562632
11,75,69.68755286392015
11,76,362.5218295336539
11,77,97.7752585403135
11,78,73.47284126710468
11,79,0.0
11,80,0.0
11,81,92.75889006498404
11,82,30.777001584042807
11,83,11.638693629820835
11,84,24.981854637479433
11,85,22.387945646475664
11,86,0.0
11,87,91.75031108455079
11,88,0.0
11,89,313.42103614708134
11,90,14.769769492772909
11,91,93.59629980128473
11,92,18.200342661297057
11,93,35.19961249844668
11,94,174.91181114030675
11,95,63.735705051702965
11,96,16.291462290477465
11,97,52.402565712766986
11,98,177.57682918204674
11,99,0.0
11,100,22.026483552310467
11,101,5.174388688037474
11,102,0.0
11,103,41.595930095257835
11,104,30.400834200624153
11,105,55.112869582683246
11,106,59.559553343862504
11,107,2.7515303054748625
11,108,9.519659824150343
11,109,51.279660677635924
11,110,0.0
11,111,74.17272163539471
11,112,6.1767797026426
11,113,12.851393175464084
11,114,47.2779410021326
11,115,187.73929000153072
11,116,22.494683309480248
11,117,102.85702483193094
12,0,79.70143389146222
12,1,19.649060318992998
12,2,45.50636204077335
12,3,45.79145219027929
12,4,0.0
12,5,74.3914551045092
12,6,39.83819923720261
12,7,26.973343740144866
12,8,0.0
12,9,0.0
12,10,90.63269058624017
12,11,0.0
12,12,39.03855282598645
12,13,27.850249646106196
12,14,162.249113506124
12,15,30.567922924929793
12,16,23.76450300444094
12,17,64.73478743431237
12,18,43.71315815740278
12,19,22.54268871638581
12,20,22.001512009974658
12,21,14.709427528718846
12,22,6.904735946756772
12,23,14.500875259038466
12,24,0.0
12,25,0.0
12,26,71.86349284102064
12,27,16.902056931148707
12,28,48.42160752087729
12,29,0.0
12,30,0.0
12,31,65.06895436199616
12,32,27.599670543453968
12,33,79.80583757906552
12,34,41.95545393914713
12,35,34.85331459923218
12,36,0.0
12,37,0.0
12,38,28.19873678687311
12,39,100.29036876375507
12,40,37.3392767816471
12,41,115.7572305692037
12,42,24.485194256904187
12,43,24.55624306729463
12,44,73.43510964593814
12,45,0.0
12,46,34.404059530527675
12,47,24.198107838867873
12,48,0.0
12,49,17.26543099917766
12,50,21.013842910952967
12,51,23.21762748973441
12,52,23.66861628591534
12,53,0.0
12,54,77.17528729334214
12,55,124.65828646864388
12,56,13.051596841326422
12,57,13.906804319465778
12,58,0.0
12,59,146.19172132946753
12,60,0.0
12,61,102.36693048383351
12,62,0.0
12,63,0.0
12,64,0.0
12,65,0.0
12,66,43.9599247319242
12,67,0.0
12,68,0.0
12,69,126.92713403965466
12,70,0.0
12,71,15.747003016870213
12,72,11.524866955149088
12,73,109.07228295483888
12,74,95.09689561568524
12,75,231.39891209376574
12,76,63.74171748319096
12,77,85.22039234881238
12,78,90.7717455434205
12,79,0.0
12,80,0.0
12,81,52.99133909279932
12,82,19.013338017835576
12,83,11.858883492499455
12,84,29.52810067622806
12,85,37.44653024583431
12,86,0.0
12,87,69.37492549167067
12,88,0.0
12,89,168.19122768489873
12,90,11.815591564056648
12,91,85.28580439129473
12,92,60.29547766684115
12,93,39.3587708912538
12,94,45.996311710487305
12,95,43.12256632777618
12,96,23.131055273717603
12,97,64.69740661710087
12,98,40.78832842540549
12,99,0.0
12,100,27.224709717128064
12,101,6.0495352014600785
12,102,0.0
12,103,100.81950066787178
12,104,83.82170383033893
12,105,44.4744299417068
12,106,73.21028679738365
12,107,3.006898342830258
12,108,8.509586983372722
12,109,85.8366489630395
12,110,0.0
12,111,89.82189593040496
12,112,7.47462238087616
12,113,10.03566602854868
12,114,56.12207659461723
12,115,618.2445035403474
12,116,32.74597824834834
12,117,52.17043594781789
13,0,45.429102025151934
13,1,14.900376580305073
13,2,37.50404610940235
13,3,44.49300901017014
13,4,0.0
13,5,42.74202969061302
13,6,17.5346783028583
13,7,19.49335726028698
13,8,0.0
13,9,0.0
13,10,65.60859405222291
13,11,0.0
13,12,37.3007198490804
13,13,15.418262487440897
13,14,99.0201374188853
13,15,26.849711807964542
13,16,8.646405924494243
13,17,55.60076120534533
13,18,41.10740290165106
13,19,18.32520850645829
13,20,15.97573631951275
13,21,9.90561255698905
13,22,7.172054096842083
13,23,12.469510245483027
13,24,0.0
13,25,0.0
13,26,63.799849461747506
13,27,17.688671288714875
13,28,22.41634221345848
13,29,0.0
13,30,0.0
13,31,65.20343355072133
13,32,22.329891413245303
13,33,60.184404920701176
13,34,36.17777812590805
13,35,30.744543687754486
13,36,0.0
13,37,0.0
13,38,28.239163768087238
13,39,67.22179799197838
13,40,29.576205184116475
13,41,86.10457205191098
13,42,15.462205314074335
13,43,14.300665693068288
13,44,50.82317765153254
13,45,0.0
13,46,32.24806882967156
13,47,16.502343251588684
13,48,0.0
13,49,16.51544564004592
13,50,14.165978781598456
13,51,17.33885539991818
13,52,21.344865374010478
13,53,0.0
13,54,62.52135471041226
13,55,81.47913384029411
13,56,12.375527733490177
13,57,10.889882843695116
13,58,0.0
13,59,76.4195805518556
13,60,0.0
13,61,89.76330795865795
13,62,0.0
13,63,0.0
13,64,0.0
13,65,0.0
13,66,30.29893070088644
13,67,0.0
13,68,0.0
13,69,64.7829405316116
13,70,0.0
13,71,10.63288011506237
13,72,4.595700182413194
13,73,75.5358259875191
13,74,42.506278288531966
13,75,66.18902923517766
13,76,55.56014056595431
13,77,84.66256426980279
13,78,46.43215382732313
13,79,0.0
13,80,0.0
13,81,47.340580185014396
13,82,16.628072854934064
13,83,10.270634180892293
13,84,22.690403584289594
13,85,18.47803649158597
13,86,0.0
13,87,43.30607428094237
13,88,0.0
13,89,162.15695815170488
13,90,7.350316492209051
13,91,57.74009567224208
13,92,11.055457948653457
13,93,30.989657378457608
13,94,36.29490982945182
13,95,37.35316385966852
13,96,13.879582149917178
13,97,32.68620817314281
13,98,40.582835226699636
13,99,0.0
13,100,23.694301866176154
13,101,4.43138480509213
13,102,0.0
13,103,39.402780038084536
13,104,26.944567689006238
13,105,38.90228347854447
13,106,46.7652263544557
13,107,1.8522562596581713
13,108,8.690097196605349
13,109,35.46140685734473
13,110,0.0
13,111,65.55117707391942
13,112,6.078938803904008
13,113,7.284966653577412
13,114,22.302484216652157
13,115,180.58576542481416
13,116,16.209129003038033
13,117,28.75734674578016
14,0,55.231897783280246
14,1,19.40990125005227
14,2,39.25179895846165
14,3,36.627111962162594
14,4,0.0
14,5,51.26060900917413
14,6,20.90492511064298
14,7,25.40894576367473
14,8,0.0
14,9,0.0
14,10,67.8271349104055
14,11,0.0
14,12,28.084727330072248
14,13,9.729309146037126
14,14,83.89063595156773
14,15,21.714323452694742
14,16,10.612910028464523
14,17,69.6309421508384
14,18,44.72542891606996
14,19,15.333685664025221
14,20,11.290336600238172
14,21,9.380080196972033
14,22,7.027280921424366
14,23,10.96689904220554
14,24,0.0
14,25,0.0
14,26,65.11029383543783
14,27,15.038700284755654
14,28,20.063102467042487
14,29,0.0
14,30,0.0
14,31,59.7797711814588
14,32,22.105462123370817
14,33,62.806667935370996
14,34,26.91017362777485
14,35,35.281016664191796
14,36,0.0
14,37,0.0
14,38,23.467885155363827
14,39,54.79768156292899
14,40,35.40171075437604
14,41,89.02642872755682
14,42,16.928128783339023
14,43,16.047168501458216
14,44,49.47390832616991
14,45,0.0
14,46,31.10436069996475
14,47,21.540457060198335
14,48,0.0
14,49,17.956348250175793
14,50,17.488208787519714
14,51,15.832080019356889
14,52,22.33625750829846
14,53,0.0
14,54,52.0809793003379
14,55,87.28044157367388
14,56,9.862623602450048
14,57,11.249031861105337
14,58,0.0
14,59,70.18427734476906
14,60,0.0
14,61,77.71927636534534
14,62,0.0
14,63,0.0
14,64,0.0
14,65,0.0
14,66,25.864949204164468
14,67,0.0
14,68,0.0
14,69,65.2700988226902
14,70,0.0
14,71,10.772065643528679
14,72,5.62831869416594
14,73,55.93373229775226
14,74,44.44475031304421
14,75,64.81242451609155
14,76,58.13570552680385
14,77,64.84743315827438
14,78,32.55961017228956
14,79,0.0
14,80,0.0
14,81,50.92671272600323
14,82,19.017992373131683
14,83,12.041100853111951
14,84,21.066542204492997
14,85,21.546742079121707
14,86,0.0
14,87,45.21899337269478
14,88,0.0
14,89,158.4513812004272
14,90,8.798424768047743
14,91,49.99494071371259
14,92,11.14477597271067
14,93,26.948979873101063
14,94,44.50046261726907
14,95,29.500325963739076
14,96,15.42870814526597
14,97,33.648186624347446
14,98,35.074426338015755
14,99,0.0
14,100,21.27324362443706
14,101,3.874995929164929
14,102,0.0
14,103,38.221693785330025
14,104,26.2604982285468
14,105,46.46040252093366
14,106,46.12105499344459
14,107,1.770715790541465
14,108,8.593626565974342
14,109,35.68726690762166
14,110,0.0
14,111,60.144941555307774
14,112,5.632295800622458
14,113,7.34911014432228
14,114,18.815192678440948
14,115,194.92339036195494
14,116,21.164323086831253
14,117,28.167970435095306
15,0,63.197688486993286
15,1,33.58148657151447
15,2,41.98209044540743
15,3,69.62296799665798
15,4,0.0
15,5,47.82263433451715
15,6,19.351606702993987
15,7,25.031228345628545
15,8,0.0
15,9,0.0
15,10,70.36027390463647
15,11,0.0
15,12,73.9206766573358
15,13,17.341400379692672
15,14,188.01079427567524
15,15,25.143101055116922
15,16,15.884955871242477
15,17,201.09267345702457
15,18,131.43073143639026
15,19,23.100091923788135
15,20,32.09408161449437
15,21,94.79125616463864
15,22,14.76777201416947
15,23,11.967132426700585
15,24,0.0
15,25,0.0
15,26,116.13333830608462
15,27,20.922033652376356
15,28,23.44565595492829
15,29,0.0
15,30,0.0
15,31,92.7522894147438
15,32,40.42754655861898
15,33,56.230762133185955
15,34,34.87972142146452
15,35,39.34937819227512
15,36,0.0
15,37,0.0
15,38,55.249651470595246
15,39,72.92650824314737
15,40,37.201289364950526
15,41,119.50192006684014
15,42,30.110204123091158
15,43,21.059088842515
15,44,56.848890246499685
15,45,0.0
15,46,64.93008296561618
15,47,52.99949130987647
15,48,0.0
15,49,59.50063045612677
15,50,19.996409280889708
15,51,103.36701959971919
15,52,24.544791830980675
15,53,0.0
15,54,84.6174029494181
15,55,125.40595083283162
15,56,14.238884681161892
15,57,12.151996025055334
15,58,0.0
15,59,133.68190916114258
15,60,0.0
15,61,146.85545578392154
15,62,0.0
15,63,0.0
15,64,0.0
15,65,0.0
15,66,38.66994302310515
15,67,0.0
15,68,0.0
15,69,203.7777683462797
15,70,0.0
15,71,56.56967815725066
15,72,8.217383500993382
15,73,143.5377972431642
15,74,139.53215958340684
15,75,77.33045363326733
15,76,127.64792000324314
15,77,81.1690574039799
15,78,78.25566846034927
15,79,0.0
15,80,0.0
15,81,62.5724102900066
15,82,49.31893281664461
15,83,22.353967747545433
15,84,34.11261755391496
15,85,45.83065686663222
15,86,0.0
15,87,58.0925462184323
15,88,0.0
15,89,162.87199334569306
15,90,10.302701236560937
15,91,81.79799207930691
15,92,14.313651886376793
15,93,59.63272683924046
15,94,41.90452269132023
15,95,67.12602084562141
15,96,21.836874194110802
15,97,56.738611972198996
15,98,43.96608316572829
15,99,0.0
15,100,29.0640946527625
15,101,7.196009120976954
15,102,0.0
15,103,42.24513156482276
15,104,31.28891430149532
15,105,197.25711956925346
15,106,135.9491094701055
15,107,1.9895163661035153
15,108,10.774553286541469
15,109,39.86990922829628
15,110,0.0
15,111,75.21127059229092
15,112,9.042391281415737
15,113,44.805706175417534
15,114,23.97661308169246
15,115,207.35174264389283
15,116,84.65893957478961
15,117,46.35187565907905
16,0,48.763714711246465
16,1,22.385587671479712
16,2,42.63254555265678
16,3,69.38984903781123
16,4,0.0
16,5,97.4116765496726
16,6,33.11849085784126
16,7,29.12680742386412
16,8,0.0
16,9,0.0
16,10,78.96740130682754
16,11,0.0
16,12,39.645478820982966
16,13,13.487034556616734
16,14,94.79810254955603
16,15,27.991183029752648
16,16,10.315513297183903
16,17,147.69701916489782
16,18,280.5513608967262
16,19,18.38931083299074
16,20,22.35270485538628
16,21,19.027559695363138
16,22,9.701506254634541
16,23,15.52768939601375
16,24,0.0
16,25,0.0
16,26,149.97839986953184
16,27,16.8936881387619
16,28,26.058189652867707
16,29,0.0
16,30,0.0
16,31,108.85869869443161
16,32,29.092251033425583
16,33,57.878930411814295
16,34,47.086238898001575
16,35,45.773655484949806
16,36,0.0
16,37,0.0
16,38,31.185510406889435
16,39,69.77002278572934
16,40,63.542321263881675
16,41,118.09975425772755
16,42,41.86587392839394
16,43,15.52001992820107
16,44,73.71721385997095
16,45,0.0
16,46,49.697661654244705
16,47,28.100837348645065
16,48,0.0
16,49,29.61235480882956
16,50,19.45073545368239
16,51,21.996692795558015
16,52,22.258237893504077
16,53,0.0
16,54,75.31982958190461
16,55,700.729158732592
16,56,16.005060521115325
16,57,11.731192679120431
16,58,0.0
16,59,87.32448101994952
16,60,0.0
16,61,80.77009480804358
16,62,0.0
16,63,0.0
16,64,0.0
16,65,0.0
16,66,45.009687399387445
16,67,0.0
16,68,0.0
16,69,67.38786106949638
16,70,0.0
16,71,13.728379382464261
16,72,6.4185347001909445
16,73,77.45052321023877
16,74,52.684419856216735
16,75,93.94540277806838
16,76,64.52221456891183
16,77,70.68715097955783
16,78,93.74997037780557
16,79,0.0
16,80,0.0
16,81,80.01139882935233
16,82,20.251344830357144
16,83,12.66225095514475
16,84,31.434932504797356
16,85,22.2467848995016
16,86,0.0
16,87,51.99990531218829
16,88,0.0
16,89,2567.053308754006
16,90,15.381198909549765
16,91,65.73251026256668
16,92,13.092624549011205
16,93,46.155122446462954
16,94,50.466064821678785
16,95,84.43755453386048
16,96,46.89414362765311
16,97,36.42857772039501
16,98,40.722156158020915
16,99,0.0
16,100,27.26183590894902
16,101,6.048440713382669
16,102,0.0
16,103,60.91125805818647
16,104,44.15110084029966
16,105,39.66925200851139
16,106,82.42936063648675
16,107,4.587106473923809
16,108,12.015167315624115
16,109,85.78081715856243
16,110,0.0
16,111,66.1793916046333
16,112,32.90765845373411
16,113,12.703386307256514
16,114,25.646012632463005
16,115,190.5823731284368
16,116,73.4290676512387
16,117,32.81164437551074
17,0,42.86498563917066
17,1,19.546247012284784
17,2,39.23756268066253
17,3,39.79090574366261
17,4,0.0
17,5,32.840577956466504
17,6,18.19830575522007
17,7,24.610108326970447
17,8,0.0
17,9,0.0
17,10,59.968207720765385
17,11,0.0
17,12,34.882659418628585
17,13,12.501972036836875
17,14,74.76733174336864
17,15,20.724525917926865
17,16,10.65250150231731
17,17,53.68066142303641
17,18,43.13940277295332
17,19,16.36383255808561
17,20,10.712129714644478
17,21,9.772936812643444
17,22,6.1362292849775155
17,23,11.224851948910063
17,24,0.0
17,25,0.0
17,26,75.03651712585449
17,27,17.86157830224636
17,28,23.699338168298986
17,29,0.0
17,30,0.0
17,31,57.0110141821621
17,32,21.021897662178034
17,33,59.12257463940999
17,34,32.565388596370894
17,35,31.35271527973388
17,36,0.0
17,37,0.0
17,38,26.72971439181191
17,39,48.413768228576075
17,40,30.601658446898387
17,41,87.0590588967504
17,42,17.810759034361393
17,43,16.89580642143471
17,44,49.19511557184885
17,45,0.0
17,46,26.857704319318586
17,47,18.12230051721255
17,48,0.0
17,49,15.42240195330733
17,50,15.090413868939589
17,51,19.631690204789766
17,52,20.13963179727018
17,53,0.0
17,54,65.57922355458486
17,55,84.30777237915397
17,56,8.395282586134678
17,57,9.970550318983149
17,58,0.0
17,59,82.4852727150339
17,60,0.0
17,61,70.2485034622645
17,62,0.0
17,63,0.0
17,64,0.0
17,65,0.0
17,66,25.915638954689413
17,67,0.0
17,68,0.0
17,69,57.43523861350354
17,70,0.0
17,71,9.08595201625564
17,72,5.93342805327311
17,73,48.43858729808198
17,74,45.50866548587001
17,75,68.65285887437022
17,76,45.426777936630536
17,77,61.74357174562678
17,78,35.058152415106164
17,79,0.0
17,80,0.0
17,81,52.8206135252724
17,82,17.31613895352601
17,83,10.734007939505739
17,84,21.989651718011373
17,85,18.248991358431425
17,86,0.0
17,87,47.4508199234161
17,88,0.0
17,89,163.19213405487034
17,90,8.770497815985124
17,91,61.738041429048245
17,92,11.559189018514141
17,93,25.445868517927504
17,94,38.817078980894074
17,95,34.15457641950295
17,96,15.204965545104702
17,97,31.381855813561646
17,98,36.81869470054774
17,99,0.0
17,100,21.014723511176648
17,101,4.639470111900059
17,102,0.0
17,103,37.84091461219744
17,104,23.893835355401873
17,105,42.81262439019463
17,106,52.94755152733887
17,107,1.9779214549419843
17,108,7.674628965984618
17,109,36.946972211634275
17,110,0.0
17,111,63.91781747500172
17,112,5.759120869417071
17,113,7.609572298667247
17,114,23.5130464412653
17,115,173.34277533392626
17,116,14.848386721068218
17,117,28.007052705428215
18,0,117.92626881436037
18,1,52.53550457998665
18,2,48.93707078724885
18,3,59.86454730738788
18,4,0.0
18,5,81.41432254550357
18,6,19.47128873325079
18,7,36.73819460449087
18,8,0.0
18,9,0.0
18,10,68.54699075622919
18,11,0.0
18,12,40.00364186648824
18,13,29.00301869272054
18,14,250.35003881765667
18,15,51.37115276004287
18,16,11.203820067898924
18,17,66.49426832324757
18,18,86.98479016635517
18,19,23.37962780127339
18,20,22.48817883075495
18,21,16.20568300351595
18,22,9.147943801520281
18,23,36.082169904709986
18,24,0.0
18,25,0.0
18,26,282.8953525315742
18,27,17.255791775749227
18,28,36.56923545988508
18,29,0.0
18,30,0.0
18,31,87.35116906858843
18,32,46.28737485464695
18,33,92.69594933197826
18,34,33.01158593844589
18,35,63.701636559007454
18,36,0.0
18,37,0.0
18,38,39.28978031854222
18,39,133.61867573564848
18,40,38.05664261687503
18,41,96.35240575364708
18,42,22.007159247741964
18,43,22.9346687969894
18,44,53.53379034384778
18,45,0.0
18,46,70.27773680708863
18,47,25.979235260411265
18,48,0.0
18,49,17.417177071725405
18,50,22.819150907347872
18,51,34.317692066614356
18,52,22.77510421273525
18,53,0.0
18,54,69.975727401183
18,55,106.77520246401313
18,56,12.36057899998503
18,57,24.561116824650913
18,58,0.0
18,59,86.29372435942483
18,60,0.0
18,61,106.16600862455378
18,62,0.0
18,63,0.0
18,64,0.0
18,65,0.0
18,66,31.18048023753946
18,67,0.0
18,68,0.0
18,69,72.6761400002507
18,70,0.0
18,71,11.812477023075285
18,72,9.504431592100646
18,73,119.95889286457457
18,74,86.83379441594641
18,75,127.45269876978587
18,76,62.44746299846505
18,77,75.16703777837235
18,78,74.57614007264917
18,79,0.0
18,80,0.0
18,81,73.2110177976865
18,82,22.20216059727788
18,83,11.903994030491406
18,84,34.62740147643832
18,85,68.58961608281676
18,86,0.0
18,87,290.4287958260275
18,88,0.0
18,89,199.6327961316369
18,90,21.062731655689465
18,91,66.71750676438745
18,92,12.260178957767117
18,93,67.0521675671839
18,94,74.71748078943003
18,95,68.06741636665689
18,96,15.728727088188258
18,97,50.14216268336126
18,98,40.58047596363176
18,99,0.0
18,100,23.19505687960539
18,101,8.949558947634738
18,102,0.0
18,103,41.9265242542733
18,104,30.70622286771196
18,105,70.3422839986577
18,106,101.82603588863853
18,107,3.9959643788911023
18,108,9.54546952123662
18,109,57.97894142706835
18,110,0.0
18,111,144.06361897788494
18,112,6.513154245615533
18,113,9.041176531103929
18,114,31.5427387317019
18,115,209.51685934990738
18,116,51.36374198352688
18,117,30.609205253585742
19,0,108.0595062517574
19,1,18.95265740601828
19,2,84.99035597866757
19,3,48.217749886223736
19,4,0.0
19,5,48.421094990207116
19,6,19.003802176928303
19,7,42.608713051338135
19,8,0.0
19,9,0.0
19,10,76.45948162756044
19,11,0.0
19,12,34.02599285276868
19,13,26.42994932444773
19,14,91.81270268987359
19,15,40.3200450153823
19,16,12.763494227714812
19,17,57.660734478872875
19,18,78.13103392581704
19,19,50.3266948545834
19,20,21.388084023377065
19,21,15.152375210403697
19,22,8.105243069210635
19,23,21.079470890232944
19,24,0.0
19,25,0.0
19,26,101.00500899090575
19,27,17.412211055515336
19,28,32.38502923749641
19,29,0.0
19,30,0.0
19,31,67.51752409240959
19,32,26.99856160814244
19,33,63.45817114129837
19,34,35.105383763159075
19,35,41.42176595121859
19,36,0.0
19,37,0.0
19,38,44.16633824825572
19,39,72.31673528813685
19,40,42.802128900570885
19,41,135.49516419395388
19,42,44.14106019266728
19,43,41.83510908253859
19,44,81.88496344375032
19,45,0.0
19,46,35.24121852229832
19,47,26.03118087262247
19,48,0.0
19,49,17.114672774760695
19,50,17.978872989505035
19,51,17.961964750617597
19,52,26.20961462275087
19,53,0.0
19,54,99.87210846067893
19,55,90.56213286671263
19,56,38.91815518424745
19,57,12.016355661888538
19,58,0.0
19,59,116.60621316545264
19,60,0.0
19,61,76.39442990299654
19,62,0.0
19,63,0.0
19,64,0.0
19,65,0.0
19,66,26.263157796059808
19,67,0.0
19,68,0.0
19,69,82.39998505914284
19,70,0.0
19,71,13.086109784873495
19,72,9.811335104902502
19,73,120.35209222425901
19,74,116.88340617564475
19,75,89.26396602771742
19,76,59.41155038345998
19,77,79.25634245014976
19,78,53.97141365151374
19,79,0.0
19,80,0.0
19,81,147.87554293294264
19,82,18.426155519477277
19,83,23.637863941491577
19,84,46.61696118573495
19,85,20.538306954485055
19,86,0.0
19,87,73.38941211247915
19,88,0.0
19,89,175.9103332904009
19,90,12.54687154204879
19,91,80.09853900957006
19,92,17.326314510445815
19,93,48.3782113601336
19,94,46.99844934616682
19,95,40.255657905822986
19,96,21.5835118666864
19,97,35.51083091852564
19,98,43.488402278491876
19,99,0.0
19,100,23.976382671303888
19,101,6.751913025841807
19,102,0.0
19,103,45.17249746086262
19,104,75.50361499005358
19,105,83.38550356485374
19,106,73.98078979496084
19,107,3.5414004982512277
19,108,11.581566303337462
19,109,46.87727282189604
19,110,0.0
19,111,147.19417392162055
19,112,27.572366490641524
19,113,21.591891098342867
19,114,26.88005587528052
19,115,447.4203815196563
19,116,22.01073676923892
19,117,51.38457121819285
20,0,54.9220597218881
20,1,19.40065347725076
20,2,47.16604339909515
20,3,45.661524918073724
20,4,0.0
20,5,82.95258803164383
20,6,24.126709368400974
20,7,24.98142193201441
20,8,0.0
20,9,0.0
20,10,69.82585432686307
20,11,0.0
20,12,54.032800962857074
20,13,21.07326679864256
20,14,95.10717082370076
20,15,28.951075984038045
20,16,10.112927850809957
20,17,68.08666254085291
20,18,115.6376352678371
20,19,17.959184926385024
20,20,22.1688305106106
20,21,31.078210283393457
20,22,7.178183291284248
20,23,26.759919851827775
20,24,0.0
20,25,0.0
20,26,137.63129876841344
20,27,24.75060938991754
20,28,22.04633632607508
20,29,0.0
20,30,0.0
20,31,69.2695909854378
20,32,26.897708196027065
20,33,87.74635543520336
20,34,35.35525024052955
20,35,37.28250676364088
20,36,0.0
20,37,0.0
20,38,33.03111984177713
20,39,66.41839401922522
20,40,36.2570868094959
20,41,94.52356936541666
20,42,28.47014991609289
20,43,15.80226174897045
20,44,55.71530200088872
20,45,0.0
20,46,47.80617323075954
20,47,37.17605568642993
20,48,0.0
20,49,18.835394728824713
20,50,18.51782666387375
20,51,22.412254926330114
20,52,27.990056750971515
20,53,0.0
20,54,62.956247414298566
20,55,121.61819934181761
20,56,11.60366867707076
20,57,20.496963825549265
20,58,0.0
20,59,86.79715225827043
20,60,0.0
20,61,103.6290083880289
20,62,0.0
20,63,0.0
20,64,0.0
20,65,0.0
20,66,137.8770376798029
20,67,0.0
20,68,0.0
20,69,70.34998023102165
20,70,0.0
20,71,16.423612309033484
20,72,37.49798051810184
20,73,80.84561880374811
20,74,63.66609957217598
20,75,70.17747677448114
20,76,79.66822911220594
20,77,104.06353768055298
20,78,39.983884103477855
20,79,0.0
20,80,0.0
20,81,48.03429735098693
20,82,18.370899282597698
20,83,20.530810679413474
20,84,24.105160215748025
20,85,24.921184539443505
20,86,0.0
20,87,50.97559641584702
20,88,0.0
20,89,196.15476227539003
20,90,15.393744080769197
20,91,61.087482017030254
20,92,12.38222057087565
20,93,29.604885157757952
20,94,80.35151472149713
20,95,67.12664375103257
20,96,19.037741238374032
20,97,66.635118884476
20,98,46.3281219873338
20,99,0.0
20,100,27.031938264402807
20,101,5.686213011749177
20,102,0.0
20,103,37.19518217517352
20,104,36.272374469041644
20,105,48.581019428912064
20,106,52.67623150057078
20,107,1.9352098143015806
20,108,8.384336422464255
20,109,40.68586541297736
20,110,0.0
20,111,71.34605358973141
20,112,6.634390050708469
20,113,24.78858807621349
20,114,50.00360649929406
20,115,271.6991784919101
20,116,24.279630513140642
20,117,34.00580644400833
