omega,e_id,c_ew
1,0,10.422362953141539
1,1,25.839752008845906
1,2,123.3714872422249
1,3,9.287580803435427
1,4,18.935963682393922
1,5,47.0792492923539
1,6,32.92262498682166
1,7,28.21491950905506
1,8,15.046016114132073
1,9,13.983295066122498
1,10,54.12351454643446
1,11,15.290973866866624
1,12,6.1506916378477525
1,13,30.52839548909207
1,14,13.757391867565357
1,15,13.65820640948812
1,16,3.428943457078778
1,17,5.038429713667888
1,18,11.974227081148285
1,19,22.365319773095106
1,20,5.508371507886145
1,21,20.886103893451626
1,22,21.100364008171127
1,23,8.596033192807964
1,24,23.651046426452673
1,25,11.841652156066099
1,26,10.081153611299364
1,27,6.521253486798011
1,28,20.475231355068022
1,29,12.282470489050597
1,30,6.175921670810663
1,31,10.329113491125096
1,32,10.312742043711305
1,33,19.006169229762474
1,34,11.113606424708275
1,35,6.412404886284623
1,36,32.35023140674264
1,37,8.828885220895753
1,38,10.598653434040001
1,39,14.116773769696263
1,40,7.980013295333983
1,41,4.047081018775849
1,42,97.63654511421332
1,43,19.619815221042096
1,44,6.628113188015809
1,45,37.196545371964696
1,46,99.30258078138186
1,47,9.719223702155153
1,48,5.58867989742262
1,49,19.75058237199645
1,50,17.361386232744564
1,51,20.38265162046973
1,52,5.220172823106745
1,53,7.46986882792935
1,54,4.150599242016521
1,55,6.521977341912189
1,56,10.210069338834165
1,57,7.565878568050147
1,58,7.941189964639256
1,59,5.658544019613951
1,60,14.999835984069076
1,61,3.16671018108103
1,62,5.535556875823929
1,63,17.752434077644565
1,64,13.002510257090481
1,65,7.1178201277519975
1,66,17.36567183255988
1,67,6.0082311031561195
1,68,8.240847703652928
1,69,3.428745036475435
1,70,14.066280675543833
1,71,103.34190565020695
1,72,63.711727317073205
1,73,10.554782249702075
1,74,7.640852117330882
1,75,10.93531100923037
1,76,13.744666154553613
1,77,4.566384311317471
1,78,4.134859191948054
1,79,4.770159083807035
1,80,6.387191233117132
1,81,6.799376872118661
1,82,70.18449124850815
1,83,17.618030773764026
1,84,28.3030918988185
1,85,46.670252545578975
1,86,9.605633137301702
1,87,33.80198289362975
1,88,11.818508410708455
1,89,4.930076934347499
1,90,8.436051716220476
1,91,9.610010394339703
1,92,63.22651967609719
1,93,3.5054586724964896
1,94,2.954500186781552
1,95,8.007243623024731
1,96,2.503798233670867
1,97,29.943267485476415
1,98,5.307737314931051
1,99,5.114317608706466
1,100,23.650903522024652
1,101,7.901747572698208
1,102,6.695880159739382
1,103,8.505712097568884
1,104,25.434978073769713
1,105,6.3273144517308975
1,106,10.28176786736785
1,107,4.954051717598623
1,108,79.40098027339424
1,109,42.655077900113774
1,110,19.980315508764683
1,111,13.687377056414245
1,112,48.38814921376443
1,113,11.552327818853346
1,114,25.92734548110136
1,115,7.364990063284532
1,116,6.547692139096267
1,117,14.466756232850331
1,118,8.128775890920593
1,119,10.419271430767633
1,120,5.207765596305013
1,121,14.583017837460046
1,122,5.727430601359971
1,123,11.506562777467295
1,124,19.359806450134705
1,125,8.035348680079908
1,126,10.53842274651113
1,127,6.211051782641608
1,128,14.212233172776942
1,129,22.522227179527267
1,130,5.45260278322721
1,131,17.700989209468208
1,132,11.596418614434466
1,133,10.948432712067333
1,134,8.952335402050632
1,135,4.454705821418949
1,136,3.273264862456025
1,137,17.33549719570488
1,138,18.505529958344503
1,139,11.359327956079216
1,140,5.57457082659781
1,141,11.35566265493789
1,142,8.41799185811768
1,143,18.53152695784751
1,144,8.889343904320281
1,145,17.887331065034868
1,146,4.717090385867838
1,147,6.174297507191638
1,148,6.578401546413216
1,149,4.421512043285884
1,150,24.89019418760315
1,151,18.29496708534549
1,152,5.512997271574608
1,153,14.169447135543624
1,154,5.27390846339307
1,155,32.377314259307546
1,156,5.711366612729977
1,157,13.684839774043203
1,158,13.017662520759663
1,159,15.367293109732788
1,160,34.29253214326132
1,161,4.872397739092749
1,162,16.470671955579668
1,163,13.52446384894159
1,164,99.29395575790356
1,165,7.8773218748995175
1,166,20.748782115899775
1,167,18.348557681101532
1,168,38.971455774323246
1,169,26.8760861484979
1,170,26.40801849306837
1,171,27.396756152847363
1,172,26.883708971983005
1,173,37.59610621738936
1,174,27.899121433907894
1,175,29.15261668021883
1,176,27.723690247217743
1,177,4.9606614371974
1,178,254.48922406715306
2,0,12.5125
2,1,29.481125000000002
2,2,156.641625
2,3,11.574124999999999
2,4,23.148125
2,5,60.096125
2,6,40.983625
2,7,38.819875
2,8,18.168625
2,9,18.328500000000002
2,10,63.7755
2,11,20.29225
2,12,7.8125
2,13,36.76475
2,14,17.099875
2,15,17.680374999999998
2,16,5.114625
2,17,6.41025
2,18,14.988
2,19,28.604124999999996
2,20,6.940625000000001
2,21,24.752499999999998
2,22,25.354999999999997
2,23,10.68375
2,24,31.725875000000002
2,25,14.72325
2,26,12.886625
2,27,7.861625
2,28,25.406499999999998
2,29,15.625
2,30,7.668749999999999
2,31,14.619875
2,32,13.255625
2,33,24.801625
2,34,14.534875
2,35,7.9975
2,36,37.764375
2,37,10.84125
2,38,12.690375
2,39,16.55625
2,40,10.048250000000001
2,41,5.0607500000000005
2,42,122.54899999999999
2,43,25.150875
2,44,8.802875
2,45,46.64175
2,46,132.97875
2,47,11.792499999999999
2,48,7.4405
2,49,23.148125
2,50,20.661125
2,51,25.667375
2,52,6.830625
2,53,9.25925
2,54,5.09375
2,55,7.436
2,56,13.8735
2,57,9.21825
2,58,9.8425
2,59,6.6137500000000005
2,60,20.0
2,61,3.87
2,62,6.720375
2,63,24.752499999999998
2,64,16.622375
2,65,9.124125
2,66,21.258499999999998
2,67,7.64525
2,68,10.245875
2,69,4.32525
2,70,17.680374999999998
2,71,130.89000000000001
2,72,82.7815
2,73,12.940000000000001
2,74,9.328375
2,75,12.940000000000001
2,76,17.38525
2,77,5.4513750000000005
2,78,4.980125
2,79,5.792375
2,80,8.620750000000001
2,81,8.333375
2,82,92.592625
2,83,22.281625
2,84,33.244625
2,85,62.5
2,86,12.677499999999998
2,87,41.39075
2,88,13.60175
2,89,5.734
2,90,10.68375
2,91,12.315249999999999
2,92,78.125
2,93,4.499625
2,94,3.8579999999999997
2,95,9.8425
2,96,3.037625
2,97,35.21125
2,98,6.3775
2,99,6.9445
2,100,27.532999999999998
2,101,9.44825
2,102,8.86525
2,103,10.245875
2,104,30.788125
2,105,8.446
2,106,12.376249999999999
2,107,6.253125000000001
2,108,100.8065
2,109,51.2295
2,110,25.77325
2,111,17.755625
2,112,61.88125
2,113,14.654125
2,114,34.106375
2,115,9.46975
2,116,8.446
2,117,19.50075
2,118,10.162625
2,119,12.254875
2,120,7.2253750000000005
2,121,17.556125
2,122,6.648874999999999
2,123,14.952125
2,124,24.752499999999998
2,125,9.827
2,126,14.740625000000001
2,127,7.9113750000000005
2,128,17.0765
2,129,28.801875
2,130,6.868125000000001
2,131,23.584874999999997
2,132,14.384375
2,133,13.38325
2,134,11.574124999999999
2,135,6.068
2,136,4.23725
2,137,21.55175
2,138,22.851875
2,139,14.12425
2,140,6.98325
2,141,15.375125
2,142,9.904875
2,143,22.361375
2,144,11.16075
2,145,23.8095
2,146,6.1275
2,147,7.891375
2,148,7.6922500000000005
2,149,5.458499999999999
2,150,33.068749999999994
2,151,22.851875
2,152,6.830625
2,153,17.781
2,154,6.830625
2,155,43.40275
2,156,6.894625
2,157,16.40425
2,158,16.55625
2,159,19.53125
2,160,41.52825
2,161,6.1576249999999995
2,162,20.424875
2,163,16.869125
2,164,120.19225
2,165,8.928625
2,166,25.987499999999997
2,167,22.978
2,168,47.529375
2,169,34.086
2,170,33.558875
2,171,35.650625
2,172,33.73275
2,173,47.352125
2,174,36.132374999999996
2,175,36.132374999999996
2,176,36.132374999999996
2,177,6.027
2,178,308.642
3,0,12.5125
3,1,29.481125000000002
3,2,156.641625
3,3,11.574124999999999
3,4,23.148125
3,5,60.096125
3,6,40.983625
3,7,38.819875
3,8,18.168625
3,9,18.328500000000002
3,10,63.7755
3,11,20.29225
3,12,7.8125
3,13,36.76475
3,14,17.099875
3,15,17.680374999999998
3,16,5.114625
3,17,6.41025
3,18,14.988
3,19,28.604124999999996
3,20,6.940625000000001
3,21,24.752499999999998
3,22,25.354999999999997
3,23,10.68375
3,24,31.725875000000002
3,25,14.72325
3,26,12.886625
3,27,7.861625
3,28,25.406499999999998
3,29,15.625
3,30,7.668749999999999
3,31,14.619875
3,32,13.255625
3,33,24.801625
3,34,14.534875
3,35,7.9975
3,36,37.764375
3,37,10.84125
3,38,12.690375
3,39,16.55625
3,40,10.048250000000001
3,41,5.0607500000000005
3,42,122.54899999999999
3,43,25.150875
3,44,8.802875
3,45,46.64175
3,46,132.97875
3,47,11.792499999999999
3,48,7.4405
3,49,23.148125
3,50,20.661125
3,51,25.667375
3,52,6.830625
3,53,9.25925
3,54,5.09375
3,55,7.436
3,56,13.8735
3,57,9.21825
3,58,9.8425
3,59,6.6137500000000005
3,60,20.0
3,61,3.87
3,62,6.720375
3,63,24.752499999999998
3,64,16.622375
3,65,9.124125
3,66,21.258499999999998
3,67,7.64525
3,68,10.245875
3,69,4.32525
3,70,17.680374999999998
3,71,130.89000000000001
3,72,82.7815
3,73,12.940000000000001
3,74,9.328375
3,75,12.940000000000001
3,76,17.38525
3,77,5.4513750000000005
3,78,4.980125
3,79,5.792375
3,80,8.620750000000001
3,81,8.333375
3,82,92.592625
3,83,22.281625
3,84,33.244625
3,85,62.5
3,86,12.677499999999998
3,87,41.39075
3,88,13.60175
3,89,5.734
3,90,10.68375
3,91,12.315249999999999
3,92,78.125
3,93,4.499625
3,94,3.8579999999999997
3,95,9.8425
3,96,3.037625
3,97,35.21125
3,98,6.3775
3,99,6.9445
3,100,27.532999999999998
3,101,9.44825
3,102,8.86525
3,103,10.245875
3,104,30.788125
3,105,8.446
3,106,12.376249999999999
3,107,6.253125000000001
3,108,100.8065
3,109,51.2295
3,110,25.77325
3,111,17.755625
3,112,61.88125
3,113,14.654125
3,114,34.106375
3,115,9.46975
3,116,8.446
3,117,19.50075
3,118,10.162625
3,119,12.254875
3,120,7.2253750000000005
3,121,17.556125
3,122,6.648874999999999
3,123,14.952125
3,124,24.752499999999998
3,125,9.827
3,126,14.740625000000001
3,127,7.9113750000000005
3,128,17.0765
3,129,28.801875
3,130,6.868125000000001
3,131,23.584874999999997
3,132,14.384375
3,133,13.38325
3,134,11.574124999999999
3,135,6.068
3,136,4.23725
3,137,21.55175
3,138,22.851875
3,139,14.12425
3,140,6.98325
3,141,15.375125
3,142,9.904875
3,143,22.361375
3,144,11.16075
3,145,23.8095
3,146,6.1275
3,147,7.891375
3,148,7.6922500000000005
3,149,5.458499999999999
3,150,33.068749999999994
3,151,22.851875
3,152,6.830625
3,153,17.781
3,154,6.830625
3,155,43.40275
3,156,6.894625
3,157,16.40425
3,158,16.55625
3,159,19.53125
3,160,41.52825
3,161,6.1576249999999995
3,162,20.424875
3,163,16.869125
3,164,120.19225
3,165,8.928625
3,166,25.987499999999997
3,167,22.978
3,168,47.529375
3,169,34.086
3,170,33.558875
3,171,35.650625
3,172,33.73275
3,173,47.352125
3,174,36.132374999999996
3,175,36.132374999999996
3,176,36.132374999999996
3,177,6.027
3,178,308.642
4,0,12.5125
4,1,29.481125000000002
4,2,156.641625
4,3,11.574124999999999
4,4,23.148125
4,5,60.096125
4,6,40.983625
4,7,38.819875
4,8,18.168625
4,9,18.328500000000002
4,10,63.7755
4,11,20.29225
4,12,7.8125
4,13,36.76475
4,14,17.099875
4,15,17.680374999999998
4,16,5.114625
4,17,6.41025
4,18,14.988
4,19,28.604124999999996
4,20,6.940625000000001
4,21,24.752499999999998
4,22,25.354999999999997
4,23,10.68375
4,24,31.725875000000002
4,25,14.72325
4,26,12.886625
4,27,7.861625
4,28,25.406499999999998
4,29,15.625
4,30,7.668749999999999
4,31,14.619875
4,32,13.255625
4,33,24.801625
4,34,14.534875
4,35,7.9975
4,36,37.764375
4,37,10.84125
4,38,12.690375
4,39,16.55625
4,40,10.048250000000001
4,41,5.0607500000000005
4,42,122.54899999999999
4,43,25.150875
4,44,8.802875
4,45,46.64175
4,46,132.97875
4,47,11.792499999999999
4,48,7.4405
4,49,23.148125
4,50,20.661125
4,51,25.667375
4,52,6.830625
4,53,9.25925
4,54,5.09375
4,55,7.436
4,56,13.8735
4,57,9.21825
4,58,9.8425
4,59,6.6137500000000005
4,60,20.0
4,61,3.87
4,62,6.720375
4,63,24.752499999999998
4,64,16.622375
4,65,9.124125
4,66,21.258499999999998
4,67,7.64525
4,68,10.245875
4,69,4.32525
4,70,17.680374999999998
4,71,130.89000000000001
4,72,82.7815
4,73,12.940000000000001
4,74,9.328375
4,75,12.940000000000001
4,76,17.38525
4,77,5.4513750000000005
4,78,4.980125
4,79,5.792375
4,80,8.620750000000001
4,81,8.333375
4,82,92.592625
4,83,22.281625
4,84,33.244625
4,85,62.5
4,86,12.677499999999998
4,87,41.39075
4,88,13.60175
4,89,5.734
4,90,10.68375
4,91,12.315249999999999
4,92,78.125
4,93,4.499625
4,94,3.8579999999999997
4,95,9.8425
4,96,3.037625
4,97,35.21125
4,98,6.3775
4,99,6.9445
4,100,27.532999999999998
4,101,9.44825
4,102,8.86525
4,103,10.245875
4,104,30.788125
4,105,8.446
4,106,12.376249999999999
4,107,6.253125000000001
4,108,100.8065
4,109,51.2295
4,110,25.77325
4,111,17.755625
4,112,61.88125
4,113,14.654125
4,114,34.106375
4,115,9.46975
4,116,8.446
4,117,19.50075
4,118,10.162625
4,119,12.254875
4,120,7.2253750000000005
4,121,17.556125
4,122,6.648874999999999
4,123,14.952125
4,124,24.752499999999998
4,125,9.827
4,126,14.740625000000001
4,127,7.9113750000000005
4,128,17.0765
4,129,28.801875
4,130,6.868125000000001
4,131,23.584874999999997
4,132,14.384375
4,133,13.38325
4,134,11.574124999999999
4,135,6.068
4,136,4.23725
4,137,21.55175
4,138,22.851875
4,139,14.12425
4,140,6.98325
4,141,15.375125
4,142,9.904875
4,143,22.361375
4,144,11.16075
4,145,23.8095
4,146,6.1275
4,147,7.891375
4,148,7.6922500000000005
4,149,5.458499999999999
4,150,33.068749999999994
4,151,22.851875
4,152,6.830625
4,153,17.781
4,154,6.830625
4,155,43.40275
4,156,6.894625
4,157,16.40425
4,158,16.55625
4,159,19.53125
4,160,41.52825
4,161,6.1576249999999995
4,162,20.424875
4,163,16.869125
4,164,120.19225
4,165,8.928625
4,166,25.987499999999997
4,167,22.978
4,168,47.529375
4,169,34.086
4,170,33.558875
4,171,35.650625
4,172,33.73275
4,173,47.352125
4,174,36.132374999999996
4,175,36.132374999999996
4,176,36.132374999999996
4,177,6.027
4,178,308.642
5,0,12.5125
5,1,29.481125000000002
5,2,156.641625
5,3,11.574124999999999
5,4,23.148125
5,5,60.096125
5,6,40.983625
5,7,38.819875
5,8,18.168625
5,9,18.328500000000002
5,10,63.7755
5,11,20.29225
5,12,7.8125
5,13,36.76475
5,14,17.099875
5,15,17.680374999999998
5,16,5.114625
5,17,6.41025
5,18,14.988
5,19,28.604124999999996
5,20,6.940625000000001
5,21,24.752499999999998
5,22,25.354999999999997
5,23,10.68375
5,24,31.725875000000002
5,25,14.72325
5,26,12.886625
5,27,7.861625
5,28,25.406499999999998
5,29,15.625
5,30,7.668749999999999
5,31,14.619875
5,32,13.255625
5,33,24.801625
5,34,14.534875
5,35,7.9975
5,36,37.764375
5,37,10.84125
5,38,12.690375
5,39,16.55625
5,40,10.048250000000001
5,41,5.0607500000000005
5,42,122.54899999999999
5,43,25.150875
5,44,8.802875
5,45,46.64175
5,46,132.97875
5,47,11.792499999999999
5,48,7.4405
5,49,23.148125
5,50,20.661125
5,51,25.667375
5,52,6.830625
5,53,9.25925
5,54,5.09375
5,55,7.436
5,56,13.8735
5,57,9.21825
5,58,9.8425
5,59,6.6137500000000005
5,60,20.0
5,61,3.87
5,62,6.720375
5,63,24.752499999999998
5,64,16.622375
5,65,9.124125
5,66,21.258499999999998
5,67,7.64525
5,68,10.245875
5,69,4.32525
5,70,17.680374999999998
5,71,130.89000000000001
5,72,82.7815
5,73,12.940000000000001
5,74,9.328375
5,75,12.940000000000001
5,76,17.38525
5,77,5.4513750000000005
5,78,4.980125
5,79,5.792375
5,80,8.620750000000001
5,81,8.333375
5,82,92.592625
5,83,22.281625
5,84,33.244625
5,85,62.5
5,86,12.677499999999998
5,87,41.39075
5,88,13.60175
5,89,5.734
5,90,10.68375
5,91,12.315249999999999
5,92,78.125
5,93,4.499625
5,94,3.8579999999999997
5,95,9.8425
5,96,3.037625
5,97,35.21125
5,98,6.3775
5,99,6.9445
5,100,27.532999999999998
5,101,9.44825
5,102,8.86525
5,103,10.245875
5,104,30.788125
5,105,8.446
5,106,12.376249999999999
5,107,6.253125000000001
5,108,100.8065
5,109,51.2295
5,110,25.77325
5,111,17.755625
5,112,61.88125
5,113,14.654125
5,114,34.106375
5,115,9.46975
5,116,8.446
5,117,19.50075
5,118,10.162625
5,119,12.254875
5,120,7.2253750000000005
5,121,17.556125
5,122,6.648874999999999
5,123,14.952125
5,124,24.752499999999998
5,125,9.827
5,126,14.740625000000001
5,127,7.9113750000000005
5,128,17.0765
5,129,28.801875
5,130,6.868125000000001
5,131,23.584874999999997
5,132,14.384375
5,133,13.38325
5,134,11.574124999999999
5,135,6.068
5,136,4.23725
5,137,21.55175
5,138,22.851875
5,139,14.12425
5,140,6.98325
5,141,15.375125
5,142,9.904875
5,143,22.361375
5,144,11.16075
5,145,23.8095
5,146,6.1275
5,147,7.891375
5,148,7.6922500000000005
5,149,5.458499999999999
5,150,33.068749999999994
5,151,22.851875
5,152,6.830625
5,153,17.781
5,154,6.830625
5,155,43.40275
5,156,6.894625
5,157,16.40425
5,158,16.55625
5,159,19.53125
5,160,41.52825
5,161,6.1576249999999995
5,162,20.424875
5,163,16.869125
5,164,120.19225
5,165,8.928625
5,166,25.987499999999997
5,167,22.978
5,168,47.529375
5,169,34.086
5,170,33.558875
5,171,35.650625
5,172,33.73275
5,173,47.352125
5,174,36.132374999999996
5,175,36.132374999999996
5,176,36.132374999999996
5,177,6.027
5,178,308.642
6,0,12.5125
6,1,29.481125000000002
6,2,156.641625
6,3,11.574124999999999
6,4,23.148125
6,5,60.096125
6,6,40.983625
6,7,38.819875
6,8,18.168625
6,9,18.328500000000002
6,10,63.7755
6,11,20.29225
6,12,7.8125
6,13,36.76475
6,14,17.099875
6,15,17.680374999999998
6,16,5.114625
6,17,6.41025
6,18,14.988
6,19,28.604124999999996
6,20,6.940625000000001
6,21,24.752499999999998
6,22,25.354999999999997
6,23,10.68375
6,24,31.725875000000002
6,25,14.72325
6,26,12.886625
6,27,7.861625
6,28,25.406499999999998
6,29,15.625
6,30,7.668749999999999
6,31,14.619875
6,32,13.255625
6,33,24.801625
6,34,14.534875
6,35,7.9975
6,36,37.764375
6,37,10.84125
6,38,12.690375
6,39,16.55625
6,40,10.048250000000001
6,41,5.0607500000000005
6,42,122.54899999999999
6,43,25.150875
6,44,8.802875
6,45,46.64175
6,46,132.97875
6,47,11.792499999999999
6,48,7.4405
6,49,23.148125
6,50,20.661125
6,51,25.667375
6,52,6.830625
6,53,9.25925
6,54,5.09375
6,55,7.436
6,56,13.8735
6,57,9.21825
6,58,9.8425
6,59,6.6137500000000005
6,60,20.0
6,61,3.87
6,62,6.720375
6,63,24.752499999999998
6,64,16.622375
6,65,9.124125
6,66,21.258499999999998
6,67,7.64525
6,68,10.245875
6,69,4.32525
6,70,17.680374999999998
6,71,130.89000000000001
6,72,82.7815
6,73,12.940000000000001
6,74,9.328375
6,75,12.940000000000001
6,76,17.38525
6,77,5.4513750000000005
6,78,4.980125
6,79,5.792375
6,80,8.620750000000001
6,81,8.333375
6,82,92.592625
6,83,22.281625
6,84,33.244625
6,85,62.5
6,86,12.677499999999998
6,87,41.39075
6,88,13.60175
6,89,5.734
6,90,10.68375
6,91,12.315249999999999
6,92,78.125
6,93,4.499625
6,94,3.8579999999999997
6,95,9.8425
6,96,3.037625
6,97,35.21125
6,98,6.3775
6,99,6.9445
6,100,27.532999999999998
6,101,9.44825
6,102,8.86525
6,103,10.245875
6,104,30.788125
6,105,8.446
6,106,12.376249999999999
6,107,6.253125000000001
6,108,100.8065
6,109,51.2295
6,110,25.77325
6,111,17.755625
6,112,61.88125
6,113,14.654125
6,114,34.106375
6,115,9.46975
6,116,8.446
6,117,19.50075
6,118,10.162625
6,119,12.254875
6,120,7.2253750000000005
6,121,17.556125
6,122,6.648874999999999
6,123,14.952125
6,124,24.752499999999998
6,125,9.827
6,126,14.740625000000001
6,127,7.9113750000000005
6,128,17.0765
6,129,28.801875
6,130,6.868125000000001
6,131,23.584874999999997
6,132,14.384375
6,133,13.38325
6,134,11.574124999999999
6,135,6.068
6,136,4.23725
6,137,21.55175
6,138,22.851875
6,139,14.12425
6,140,6.98325
6,141,15.375125
6,142,9.904875
6,143,22.361375
6,144,11.16075
6,145,23.8095
6,146,6.1275
6,147,7.891375
6,148,7.6922500000000005
6,149,5.458499999999999
6,150,33.068749999999994
6,151,22.851875
6,152,6.830625
6,153,17.781
6,154,6.830625
6,155,43.40275
6,156,6.894625
6,157,16.40425
6,158,16.55625
6,159,19.53125
6,160,41.52825
6,161,6.1576249999999995
6,162,20.424875
6,163,16.869125
6,164,120.19225
6,165,8.928625
6,166,25.987499999999997
6,167,22.978
6,168,47.529375
6,169,34.086
6,170,33.558875
6,171,35.650625
6,172,33.73275
6,173,47.352125
6,174,36.132374999999996
6,175,36.132374999999996
6,176,36.132374999999996
6,177,6.027
6,178,308.642
7,0,12.5125
7,1,29.481125000000002
7,2,156.641625
7,3,11.574124999999999
7,4,23.148125
7,5,60.096125
7,6,40.983625
7,7,38.819875
7,8,18.168625
7,9,18.328500000000002
7,10,63.7755
7,11,20.29225
7,12,7.8125
7,13,36.76475
7,14,17.099875
7,15,17.680374999999998
7,16,5.114625
7,17,6.41025
7,18,14.988
7,19,28.604124999999996
7,20,6.940625000000001
7,21,24.752499999999998
7,22,25.354999999999997
7,23,10.68375
7,24,31.725875000000002
7,25,14.72325
7,26,12.886625
7,27,7.861625
7,28,25.406499999999998
7,29,15.625
7,30,7.668749999999999
7,31,14.619875
7,32,13.255625
7,33,24.801625
7,34,14.534875
7,35,7.9975
7,36,37.764375
7,37,10.84125
7,38,12.690375
7,39,16.55625
7,40,10.048250000000001
7,41,5.0607500000000005
7,42,122.54899999999999
7,43,25.150875
7,44,8.802875
7,45,46.64175
7,46,132.97875
7,47,11.792499999999999
7,48,7.4405
7,49,23.148125
7,50,20.661125
7,51,25.667375
7,52,6.830625
7,53,9.25925
7,54,5.09375
7,55,7.436
7,56,13.8735
7,57,9.21825
7,58,9.8425
7,59,6.6137500000000005
7,60,20.0
7,61,3.87
7,62,6.720375
7,63,24.752499999999998
7,64,16.622375
7,65,9.124125
7,66,21.258499999999998
7,67,7.64525
7,68,10.245875
7,69,4.32525
7,70,17.680374999999998
7,71,130.89000000000001
7,72,82.7815
7,73,12.940000000000001
7,74,9.328375
7,75,12.940000000000001
7,76,17.38525
7,77,5.4513750000000005
7,78,4.980125
7,79,5.792375
7,80,8.620750000000001
7,81,8.333375
7,82,92.592625
7,83,22.281625
7,84,33.244625
7,85,62.5
7,86,12.677499999999998
7,87,41.39075
7,88,13.60175
7,89,5.734
7,90,10.68375
7,91,12.315249999999999
7,92,78.125
7,93,4.499625
7,94,3.8579999999999997
7,95,9.8425
7,96,3.037625
7,97,35.21125
7,98,6.3775
7,99,6.9445
7,100,27.532999999999998
7,101,9.44825
7,102,8.86525
7,103,10.245875
7,104,30.788125
7,105,8.446
7,106,12.376249999999999
7,107,6.253125000000001
7,108,100.8065
7,109,51.2295
7,110,25.77325
7,111,17.755625
7,112,61.88125
7,113,14.654125
7,114,34.106375
7,115,9.46975
7,116,8.446
7,117,19.50075
7,118,10.162625
7,119,12.254875
7,120,7.2253750000000005
7,121,17.556125
7,122,6.648874999999999
7,123,14.952125
7,124,24.752499999999998
7,125,9.827
7,126,14.740625000000001
7,127,7.9113750000000005
7,128,17.0765
7,129,28.801875
7,130,6.868125000000001
7,131,23.584874999999997
7,132,14.384375
7,133,13.38325
7,134,11.574124999999999
7,135,6.068
7,136,4.23725
7,137,21.55175
7,138,22.851875
7,139,14.12425
7,140,6.98325
7,141,15.375125
7,142,9.904875
7,143,22.361375
7,144,11.16075
7,145,23.8095
7,146,6.1275
7,147,7.891375
7,148,7.6922500000000005
7,149,5.458499999999999
7,150,33.068749999999994
7,151,22.851875
7,152,6.830625
7,153,17.781
7,154,6.830625
7,155,43.40275
7,156,6.894625
7,157,16.40425
7,158,16.55625
7,159,19.53125
7,160,41.52825
7,161,6.1576249999999995
7,162,20.424875
7,163,16.869125
7,164,120.19225
7,165,8.928625
7,166,25.987499999999997
7,167,22.978
7,168,47.529375
7,169,34.086
7,170,33.558875
7,171,35.650625
7,172,33.73275
7,173,47.352125
7,174,36.132374999999996
7,175,36.132374999999996
7,176,36.132374999999996
7,177,6.027
7,178,308.642
8,0,10.61003099326818
8,1,22.015170529777627
8,2,122.27180978401303
8,3,9.930641174796992
8,4,18.05445399770117
8,5,50.60951160021874
8,6,31.997268898010383
8,7,33.06529250001461
8,8,14.179935091346254
8,9,14.725944128363576
8,10,47.814176502504694
8,11,16.72875438162218
8,12,5.743867435439642
8,13,30.409606834058795
8,14,14.155837555053168
8,15,14.172128000390945
8,16,4.570980278641753
8,17,4.986074041818705
8,18,12.090129284242874
8,19,25.4593692873875
8,20,5.68613297053199
8,21,20.7024588411083
8,22,19.36479460689465
8,23,9.47719050534078
8,24,24.680082437868563
8,25,12.078034331807926
8,26,9.63568650619829
8,27,6.259262451227701
8,28,21.04433403057596
8,29,12.861210356872126
8,30,5.734901326801496
8,31,11.485425438206452
8,32,11.140011175210994
8,33,19.65358664034344
8,34,11.601975990768643
8,35,6.769998996877809
8,36,30.444850462139172
8,37,7.592147091830328
8,38,9.34211157948862
8,39,12.691579056627068
8,40,8.189870779094818
8,41,3.857551524873728
8,42,103.86227221229645
8,43,20.092251571902928
8,44,6.993447327497359
8,45,38.350946885948346
8,46,112.91504775674613
8,47,9.445099602690968
8,48,6.100678698109331
8,49,19.13375980173143
8,50,17.505019626470876
8,51,20.98373188281253
8,52,5.57559441568751
8,53,6.811885223278899
8,54,3.9088954014086967
8,55,6.103147155877629
8,56,11.527991981384929
8,57,7.796465955007478
8,58,7.724170541090206
8,59,5.539386309854895
8,60,16.648221502784956
8,61,2.737240898058846
8,62,5.49687157936148
8,63,17.850699846606528
8,64,13.647163071881096
8,65,7.256503858453545
8,66,16.842028482225338
8,67,5.792200515414277
8,68,7.859378215588643
8,69,3.5375212250497956
8,70,13.508998287866582
8,71,112.96534337965105
8,72,66.07589226536108
8,73,10.397174472627574
8,74,7.535831964182471
8,75,9.807025293380729
8,76,12.42405578361757
8,77,4.051732140560685
8,78,3.724695686104204
8,79,4.7530129232610765
8,80,6.732445484865979
8,81,7.174159294784766
8,82,68.1970319626621
8,83,17.44239308793872
8,84,26.109198681821375
8,85,48.45791580827754
8,86,9.91019738735917
8,87,34.35693963907944
8,88,10.28777349707566
8,89,4.317435842370973
8,90,9.340113229706857
8,91,9.891289273173319
8,92,61.00866266175482
8,93,3.5074616771317775
8,94,3.1917996166321525
8,95,7.287742199876666
8,96,2.7078770372084886
8,97,28.181002771896175
8,98,5.526599530117976
8,99,5.796466581310609
8,100,21.482637960329072
8,101,7.514176146108505
8,102,7.221906524575995
8,103,8.373389205892693
8,104,23.739585520565914
8,105,6.320278588399127
8,106,10.621233806948435
8,107,5.30146953004608
8,108,85.63927306220597
8,109,39.39432404424336
8,110,22.639334466419943
8,111,14.4239063726027
8,112,50.70410708140611
8,113,11.369410774164892
8,114,28.502965030614156
8,115,7.892507940821118
8,116,6.64617941025134
8,117,15.06240705471842
8,118,7.774484891278725
8,119,9.517121372301288
8,120,6.14363851346993
8,121,14.481979516460303
8,122,5.037356863326978
8,123,12.626943818915883
8,124,19.768124504374747
8,125,8.326528555619996
8,126,11.785217758244782
8,127,6.499778424308969
8,128,13.054656009285907
8,129,21.03876042523779
8,130,5.566641653187768
8,131,18.46073914908417
8,132,12.047214468165315
8,133,10.783275245840523
8,134,8.251290911148168
8,135,4.9151332498501565
8,136,3.5378809497126227
8,137,17.081493032399848
8,138,18.78683388063325
8,139,11.113487569365617
8,140,5.605191474207748
8,141,12.050361953529253
8,142,7.937853021721044
8,143,18.25798681170109
8,144,9.489917259570541
8,145,20.43548720552298
8,146,4.669720877505782
8,147,6.547673600016211
8,148,5.88143067272826
8,149,4.195761428721579
8,150,28.09866850772089
8,151,18.845342460850816
8,152,5.287930022288476
8,153,13.552734156189105
8,154,5.38406564683431
8,155,35.603316718828566
8,156,5.598104551822879
8,157,12.83578972542918
8,158,14.270921349069308
8,159,15.072935770048705
8,160,34.37375115590247
8,161,5.084248823579967
8,162,17.510907576568776
8,163,14.404188495948258
8,164,92.36363056327427
8,165,7.176905730541452
8,166,19.93371977844248
8,167,17.406584496716263
8,168,37.84843248207504
8,169,25.69940279239273
8,170,26.36894872550955
8,171,28.926009662450255
8,172,27.851183131025078
8,173,36.23719160319472
8,174,29.785474274965157
8,175,29.070636276478396
8,176,28.129683620154076
8,177,4.5937811302828075
8,178,238.4789823710656
9,0,12.5125
9,1,29.481125000000002
9,2,156.641625
9,3,11.574124999999999
9,4,23.148125
9,5,60.096125
9,6,40.983625
9,7,38.819875
9,8,18.168625
9,9,18.328500000000002
9,10,63.7755
9,11,20.29225
9,12,7.8125
9,13,36.76475
9,14,17.099875
9,15,17.680374999999998
9,16,5.114625
9,17,6.41025
9,18,14.988
9,19,28.604124999999996
9,20,6.940625000000001
9,21,24.752499999999998
9,22,25.354999999999997
9,23,10.68375
9,24,31.725875000000002
9,25,14.72325
9,26,12.886625
9,27,7.861625
9,28,25.406499999999998
9,29,15.625
9,30,7.668749999999999
9,31,14.619875
9,32,13.255625
9,33,24.801625
9,34,14.534875
9,35,7.9975
9,36,37.764375
9,37,10.84125
9,38,12.690375
9,39,16.55625
9,40,10.048250000000001
9,41,5.0607500000000005
9,42,122.54899999999999
9,43,25.150875
9,44,8.802875
9,45,46.64175
9,46,132.97875
9,47,11.792499999999999
9,48,7.4405
9,49,23.148125
9,50,20.661125
9,51,25.667375
9,52,6.830625
9,53,9.25925
9,54,5.09375
9,55,7.436
9,56,13.8735
9,57,9.21825
9,58,9.8425
9,59,6.6137500000000005
9,60,20.0
9,61,3.87
9,62,6.720375
9,63,24.752499999999998
9,64,16.622375
9,65,9.124125
9,66,21.258499999999998
9,67,7.64525
9,68,10.245875
9,69,4.32525
9,70,17.680374999999998
9,71,130.89000000000001
9,72,82.7815
9,73,12.940000000000001
9,74,9.328375
9,75,12.940000000000001
9,76,17.38525
9,77,5.4513750000000005
9,78,4.980125
9,79,5.792375
9,80,8.620750000000001
9,81,8.333375
9,82,92.592625
9,83,22.281625
9,84,33.244625
9,85,62.5
9,86,12.677499999999998
9,87,41.39075
9,88,13.60175
9,89,5.734
9,90,10.68375
9,91,12.315249999999999
9,92,78.125
9,93,4.499625
9,94,3.8579999999999997
9,95,9.8425
9,96,3.037625
9,97,35.21125
9,98,6.3775
9,99,6.9445
9,100,27.532999999999998
9,101,9.44825
9,102,8.86525
9,103,10.245875
9,104,30.788125
9,105,8.446
9,106,12.376249999999999
9,107,6.253125000000001
9,108,100.8065
9,109,51.2295
9,110,25.77325
9,111,17.755625
9,112,61.88125
9,113,14.654125
9,114,34.106375
9,115,9.46975
9,116,8.446
9,117,19.50075
9,118,10.162625
9,119,12.254875
9,120,7.2253750000000005
9,121,17.556125
9,122,6.648874999999999
9,123,14.952125
9,124,24.752499999999998
9,125,9.827
9,126,14.740625000000001
9,127,7.9113750000000005
9,128,17.0765
9,129,28.801875
9,130,6.868125000000001
9,131,23.584874999999997
9,132,14.384375
9,133,13.38325
9,134,11.574124999999999
9,135,6.068
9,136,4.23725
9,137,21.55175
9,138,22.851875
9,139,14.12425
9,140,6.98325
9,141,15.375125
9,142,9.904875
9,143,22.361375
9,144,11.16075
9,145,23.8095
9,146,6.1275
9,147,7.891375
9,148,7.6922500000000005
9,149,5.458499999999999
9,150,33.068749999999994
9,151,22.851875
9,152,6.830625
9,153,17.781
9,154,6.830625
9,155,43.40275
9,156,6.894625
9,157,16.40425
9,158,16.55625
9,159,19.53125
9,160,41.52825
9,161,6.1576249999999995
9,162,20.424875
9,163,16.869125
9,164,120.19225
9,165,8.928625
9,166,25.987499999999997
9,167,22.978
9,168,47.529375
9,169,34.086
9,170,33.558875
9,171,35.650625
9,172,33.73275
9,173,47.352125
9,174,36.132374999999996
9,175,36.132374999999996
9,176,36.132374999999996
9,177,6.027
9,178,308.642
10,0,12.5125
10,1,29.481125000000002
10,2,156.641625
10,3,11.574124999999999
10,4,23.148125
10,5,60.096125
10,6,40.983625
10,7,38.819875
10,8,18.168625
10,9,18.328500000000002
10,10,63.7755
10,11,20.29225
10,12,7.8125
10,13,36.76475
10,14,17.099875
10,15,17.680374999999998
10,16,5.114625
10,17,6.41025
10,18,14.988
10,19,28.604124999999996
10,20,6.940625000000001
10,21,24.752499999999998
10,22,25.354999999999997
10,23,10.68375
10,24,31.725875000000002
10,25,14.72325
10,26,12.886625
10,27,7.861625
10,28,25.406499999999998
10,29,15.625
10,30,7.668749999999999
10,31,14.619875
10,32,13.255625
10,33,24.801625
10,34,14.534875
10,35,7.9975
10,36,37.764375
10,37,10.84125
10,38,12.690375
10,39,16.55625
10,40,10.048250000000001
10,41,5.0607500000000005
10,42,122.54899999999999
10,43,25.150875
10,44,8.802875
10,45,46.64175
10,46,132.97875
10,47,11.792499999999999
10,48,7.4405
10,49,23.148125
10,50,20.661125
10,51,25.667375
10,52,6.830625
10,53,9.25925
10,54,5.09375
10,55,7.436
10,56,13.8735
10,57,9.21825
10,58,9.8425
10,59,6.6137500000000005
10,60,20.0
10,61,3.87
10,62,6.720375
10,63,24.752499999999998
10,64,16.622375
10,65,9.124125
10,66,21.258499999999998
10,67,7.64525
10,68,10.245875
10,69,4.32525
10,70,17.680374999999998
10,71,130.89000000000001
10,72,82.7815
10,73,12.940000000000001
10,74,9.328375
10,75,12.940000000000001
10,76,17.38525
10,77,5.4513750000000005
10,78,4.980125
10,79,5.792375
10,80,8.620750000000001
10,81,8.333375
10,82,92.592625
10,83,22.281625
10,84,33.244625
10,85,62.5
10,86,12.677499999999998
10,87,41.39075
10,88,13.60175
10,89,5.734
10,90,10.68375
10,91,12.315249999999999
10,92,78.125
10,93,4.499625
10,94,3.8579999999999997
10,95,9.8425
10,96,3.037625
10,97,35.21125
10,98,6.3775
10,99,6.9445
10,100,27.532999999999998
10,101,9.44825
10,102,8.86525
10,103,10.245875
10,104,30.788125
10,105,8.446
10,106,12.376249999999999
10,107,6.253125000000001
10,108,100.8065
10,109,51.2295
10,110,25.77325
10,111,17.755625
10,112,61.88125
10,113,14.654125
10,114,34.106375
10,115,9.46975
10,116,8.446
10,117,19.50075
10,118,10.162625
10,119,12.254875
10,120,7.2253750000000005
10,121,17.556125
10,122,6.648874999999999
10,123,14.952125
10,124,24.752499999999998
10,125,9.827
10,126,14.740625000000001
10,127,7.9113750000000005
10,128,17.0765
10,129,28.801875
10,130,6.868125000000001
10,131,23.584874999999997
10,132,14.384375
10,133,13.38325
10,134,11.574124999999999
10,135,6.068
10,136,4.23725
10,137,21.55175
10,138,22.851875
10,139,14.12425
10,140,6.98325
10,141,15.375125
10,142,9.904875
10,143,22.361375
10,144,11.16075
10,145,23.8095
10,146,6.1275
10,147,7.891375
10,148,7.6922500000000005
10,149,5.458499999999999
10,150,33.068749999999994
10,151,22.851875
10,152,6.830625
10,153,17.781
10,154,6.830625
10,155,43.40275
10,156,6.894625
10,157,16.40425
10,158,16.55625
10,159,19.53125
10,160,41.52825
10,161,6.1576249999999995
10,162,20.424875
10,163,16.869125
10,164,120.19225
10,165,8.928625
10,166,25.987499999999997
10,167,22.978
10,168,47.529375
10,169,34.086
10,170,33.558875
10,171,35.650625
10,172,33.73275
10,173,47.352125
10,174,36.132374999999996
10,175,36.132374999999996
10,176,36.132374999999996
10,177,6.027
10,178,308.642
11,0,12.5125
11,1,29.481125000000002
11,2,156.641625
11,3,11.574124999999999
11,4,23.148125
11,5,60.096125
11,6,40.983625
11,7,38.819875
11,8,18.168625
11,9,18.328500000000002
11,10,63.7755
11,11,20.29225
11,12,7.8125
11,13,36.76475
11,14,17.099875
11,15,17.680374999999998
11,16,5.114625
11,17,6.41025
11,18,14.988
11,19,28.604124999999996
11,20,6.940625000000001
11,21,24.752499999999998
11,22,25.354999999999997
11,23,10.68375
11,24,31.725875000000002
11,25,14.72325
11,26,12.886625
11,27,7.861625
11,28,25.406499999999998
11,29,15.625
11,30,7.668749999999999
11,31,14.619875
11,32,13.255625
11,33,24.801625
11,34,14.534875
11,35,7.9975
11,36,37.764375
11,37,10.84125
11,38,12.690375
11,39,16.55625
11,40,10.048250000000001
11,41,5.0607500000000005
11,42,122.54899999999999
11,43,25.150875
11,44,8.802875
11,45,46.64175
11,46,132.97875
11,47,11.792499999999999
11,48,7.4405
11,49,23.148125
11,50,20.661125
11,51,25.667375
11,52,6.830625
11,53,9.25925
11,54,5.09375
11,55,7.436
11,56,13.8735
11,57,9.21825
11,58,9.8425
11,59,6.6137500000000005
11,60,20.0
11,61,3.87
11,62,6.720375
11,63,24.752499999999998
11,64,16.622375
11,65,9.124125
11,66,21.258499999999998
11,67,7.64525
11,68,10.245875
11,69,4.32525
11,70,17.680374999999998
11,71,130.89000000000001
11,72,82.7815
11,73,12.940000000000001
11,74,9.328375
11,75,12.940000000000001
11,76,17.38525
11,77,5.4513750000000005
11,78,4.980125
11,79,5.792375
11,80,8.620750000000001
11,81,8.333375
11,82,92.592625
11,83,22.281625
11,84,33.244625
11,85,62.5
11,86,12.677499999999998
11,87,41.39075
11,88,13.60175
11,89,5.734
11,90,10.68375
11,91,12.315249999999999
11,92,78.125
11,93,4.499625
11,94,3.8579999999999997
11,95,9.8425
11,96,3.037625
11,97,35.21125
11,98,6.3775
11,99,6.9445
11,100,27.532999999999998
11,101,9.44825
11,102,8.86525
11,103,10.245875
11,104,30.788125
11,105,8.446
11,106,12.376249999999999
11,107,6.253125000000001
11,108,100.8065
11,109,51.2295
11,110,25.77325
11,111,17.755625
11,112,61.88125
11,113,14.654125
11,114,34.106375
11,115,9.46975
11,116,8.446
11,117,19.50075
11,118,10.162625
11,119,12.254875
11,120,7.2253750000000005
11,121,17.556125
11,122,6.648874999999999
11,123,14.952125
11,124,24.752499999999998
11,125,9.827
11,126,14.740625000000001
11,127,7.9113750000000005
11,128,17.0765
11,129,28.801875
11,130,6.868125000000001
11,131,23.584874999999997
11,132,14.384375
11,133,13.38325
11,134,11.574124999999999
11,135,6.068
11,136,4.23725
11,137,21.55175
11,138,22.851875
11,139,14.12425
11,140,6.98325
11,141,15.375125
11,142,9.904875
11,143,22.361375
11,144,11.16075
11,145,23.8095
11,146,6.1275
11,147,7.891375
11,148,7.6922500000000005
11,149,5.458499999999999
11,150,33.068749999999994
11,151,22.851875
11,152,6.830625
11,153,17.781
11,154,6.830625
11,155,43.40275
11,156,6.894625
11,157,16.40425
11,158,16.55625
11,159,19.53125
11,160,41.52825
11,161,6.1576249999999995
11,162,20.424875
11,163,16.869125
11,164,120.19225
11,165,8.928625
11,166,25.987499999999997
11,167,22.978
11,168,47.529375
11,169,34.086
11,170,33.558875
11,171,35.650625
11,172,33.73275
11,173,47.352125
11,174,36.132374999999996
11,175,36.132374999999996
11,176,36.132374999999996
11,177,6.027
11,178,308.642
12,0,12.5125
12,1,29.481125000000002
12,2,156.641625
12,3,11.574124999999999
12,4,23.148125
12,5,60.096125
12,6,40.983625
12,7,38.819875
12,8,18.168625
12,9,18.328500000000002
12,10,63.7755
12,11,20.29225
12,12,7.8125
12,13,36.76475
12,14,17.099875
12,15,17.680374999999998
12,16,5.114625
12,17,6.41025
12,18,14.988
12,19,28.604124999999996
12,20,6.940625000000001
12,21,24.752499999999998
12,22,25.354999999999997
12,23,10.68375
12,24,31.725875000000002
12,25,14.72325
12,26,12.886625
12,27,7.861625
12,28,25.406499999999998
12,29,15.625
12,30,7.668749999999999
12,31,14.619875
12,32,13.255625
12,33,24.801625
12,34,14.534875
12,35,7.9975
12,36,37.764375
12,37,10.84125
12,38,12.690375
12,39,16.55625
12,40,10.048250000000001
12,41,5.0607500000000005
12,42,122.54899999999999
12,43,25.150875
12,44,8.802875
12,45,46.64175
12,46,132.97875
12,47,11.792499999999999
12,48,7.4405
12,49,23.148125
12,50,20.661125
12,51,25.667375
12,52,6.830625
12,53,9.25925
12,54,5.09375
12,55,7.436
12,56,13.8735
12,57,9.21825
12,58,9.8425
12,59,6.6137500000000005
12,60,20.0
12,61,3.87
12,62,6.720375
12,63,24.752499999999998
12,64,16.622375
12,65,9.124125
12,66,21.258499999999998
12,67,7.64525
12,68,10.245875
12,69,4.32525
12,70,17.680374999999998
12,71,130.89000000000001
12,72,82.7815
12,73,12.940000000000001
12,74,9.328375
12,75,12.940000000000001
12,76,17.38525
12,77,5.4513750000000005
12,78,4.980125
12,79,5.792375
12,80,8.620750000000001
12,81,8.333375
12,82,92.592625
12,83,22.281625
12,84,33.244625
12,85,62.5
12,86,12.677499999999998
12,87,41.39075
12,88,13.60175
12,89,5.734
12,90,10.68375
12,91,12.315249999999999
12,92,78.125
12,93,4.499625
12,94,3.8579999999999997
12,95,9.8425
12,96,3.037625
12,97,35.21125
12,98,6.3775
12,99,6.9445
12,100,27.532999999999998
12,101,9.44825
12,102,8.86525
12,103,10.245875
12,104,30.788125
12,105,8.446
12,106,12.376249999999999
12,107,6.253125000000001
12,108,100.8065
12,109,51.2295
12,110,25.77325
12,111,17.755625
12,112,61.88125
12,113,14.654125
12,114,34.106375
12,115,9.46975
12,116,8.446
12,117,19.50075
12,118,10.162625
12,119,12.254875
12,120,7.2253750000000005
12,121,17.556125
12,122,6.648874999999999
12,123,14.952125
12,124,24.752499999999998
12,125,9.827
12,126,14.740625000000001
12,127,7.9113750000000005
12,128,17.0765
12,129,28.801875
12,130,6.868125000000001
12,131,23.584874999999997
12,132,14.384375
12,133,13.38325
12,134,11.574124999999999
12,135,6.068
12,136,4.23725
12,137,21.55175
12,138,22.851875
12,139,14.12425
12,140,6.98325
12,141,15.375125
12,142,9.904875
12,143,22.361375
12,144,11.16075
12,145,23.8095
12,146,6.1275
12,147,7.891375
12,148,7.6922500000000005
12,149,5.458499999999999
12,150,33.068749999999994
12,151,22.851875
12,152,6.830625
12,153,17.781
12,154,6.830625
12,155,43.40275
12,156,6.894625
12,157,16.40425
12,158,16.55625
12,159,19.53125
12,160,41.52825
12,161,6.1576249999999995
12,162,20.424875
12,163,16.869125
12,164,120.19225
12,165,8.928625
12,166,25.987499999999997
12,167,22.978
12,168,47.529375
12,169,34.086
12,170,33.558875
12,171,35.650625
12,172,33.73275
12,173,47.352125
12,174,36.132374999999996
12,175,36.132374999999996
12,176,36.132374999999996
12,177,6.027
12,178,308.642
13,0,9.543793872814668
13,1,25.904282858227244
13,2,129.13058052713873
13,3,9.047571965775953
13,4,17.91126823185971
13,5,50.99669746525647
13,6,30.859604785513596
13,7,29.061692462712042
13,8,14.01815328956545
13,9,14.394604554824042
13,10,51.85728883559141
13,11,15.912683297114652
13,12,6.35446372279127
13,13,26.924382798008885
13,14,14.636952850531053
13,15,13.480055545436029
13,16,4.041449106208286
13,17,5.278616398181808
13,18,11.831144021968543
13,19,22.893092283877433
13,20,5.737026093893026
13,21,19.321251195074222
13,22,20.18958599493062
13,23,8.140746794906892
13,24,26.480661835773994
13,25,11.558895036818067
13,26,9.995423066153599
13,27,6.531177511395411
13,28,21.672055549027135
13,29,12.529626179658676
13,30,6.801608731614124
13,31,12.120117095921286
13,32,9.753373929750449
13,33,17.646990184829928
13,34,11.02217248893193
13,35,6.405882784204796
13,36,32.774915544561445
13,37,7.998323608516906
13,38,10.274589524024064
13,39,13.56580499210411
13,40,8.128359488209494
13,41,3.9499343659226036
13,42,90.62085904217315
13,43,20.197380282499438
13,44,7.384551428142221
13,45,35.07767882948199
13,46,105.58116511294006
13,47,8.973314008701427
13,48,5.444679918765115
13,49,18.622261715383473
13,50,15.515059712147746
13,51,21.335229912839566
13,52,5.882636220799778
13,53,7.3655901006567674
13,54,3.9900652512227857
13,55,6.066577156989718
13,56,11.269898982419615
13,57,7.898553633251537
13,58,8.502482429087902
13,59,5.0883642760839205
13,60,15.600267032479753
13,61,3.0722331247816257
13,62,5.17047076102322
13,63,21.02329369277384
13,64,13.841900926527504
13,65,6.657114220867069
13,66,17.758570972725494
13,67,6.0746572972544755
13,68,6.811052025257076
13,69,3.335228978831935
13,70,14.44465592164364
13,71,104.34497042513031
13,72,65.85306760152278
13,73,11.349276012949796
13,74,7.888240035150687
13,75,10.663496109686447
13,76,13.338990971436916
13,77,4.369027522179611
13,78,4.116305406557312
13,79,4.936232776719635
13,80,6.825084944236711
13,81,6.975314925741028
13,82,72.48968901844685
13,83,17.2384446346226
13,84,25.022601949625205
13,85,46.902330239325465
13,86,9.724270300116764
13,87,33.91522945123973
13,88,11.574619954506417
13,89,4.305177465220773
13,90,8.854867502160042
13,91,10.07482940016268
13,92,62.648707135619404
13,93,3.4059640252061496
13,94,3.2252758825942704
13,95,7.990830094301118
13,96,2.4367300038268853
13,97,27.97109510474295
13,98,5.456626656118309
13,99,5.487140129095016
13,100,21.777123507339834
13,101,7.469488790475943
13,102,7.297948250605148
13,103,8.292653222085358
13,104,25.950119220940653
13,105,6.5149456553223235
13,106,10.127080893268758
13,107,4.936751556260394
13,108,78.01623361680296
13,109,39.43170872440303
13,110,20.705222621675777
13,111,15.149875354921715
13,112,50.54607623416637
13,113,11.563971254276769
13,114,28.193108076753973
13,115,7.848376402897248
13,116,6.828902265601366
13,117,15.845539933023153
13,118,8.40693602617323
13,119,10.44767610725644
13,120,5.344526775538485
13,121,14.651460249666702
13,122,5.092853083872868
13,123,12.52982794626577
13,124,20.14717895079949
13,125,7.6721404351693305
13,126,12.921268924206519
13,127,6.133229460843693
13,128,13.826518126471132
13,129,21.702149743011887
13,130,5.600681366966027
13,131,19.575942374522505
13,132,10.668289538587231
13,133,10.585538387812889
13,134,9.628897578269937
13,135,4.962875400770634
13,136,3.4740964852442464
13,137,16.208080147135522
13,138,17.873063360265046
13,139,11.171670563490734
13,140,4.880678933956739
13,141,11.553156758908784
13,142,7.486695911160717
13,143,16.751462304770925
13,144,9.176359579146567
13,145,17.859398525886238
13,146,5.010462623663936
13,147,6.526344686392152
13,148,5.8441734269367025
13,149,4.717226344365702
13,150,26.497916517465214
13,151,18.68113686568695
13,152,5.477231485666552
13,153,14.85605225304034
13,154,5.405875917389179
13,155,33.166097575705
13,156,5.700436472306416
13,157,14.504365035098138
13,158,13.480527114994574
13,159,16.00918375975406
13,160,34.87170194880544
13,161,4.9387456662794715
13,162,16.29571027079717
13,163,13.792310303912924
13,164,93.37447413894978
13,165,6.767284414046227
13,166,22.73515016198013
13,167,18.04136951201723
13,168,36.637863629082965
13,169,26.69009291155358
13,170,25.69476016128721
13,171,29.00421452648891
13,172,26.513304667528157
13,173,38.93572635589462
13,174,28.70571779233785
13,175,27.839488427356315
13,176,29.03767386252051
13,177,4.431028143254746
13,178,268.0160586755845
14,0,9.95285097154365
14,1,24.171700250163106
14,2,130.88195645460618
14,3,9.617705065604051
14,4,17.711582336652267
14,5,47.585973979469735
14,6,36.56131978632747
14,7,31.156166685043463
14,8,14.702067819441847
14,9,14.479315017338728
14,10,51.337697055558024
14,11,16.264186211634176
14,12,5.98766310417813
14,13,32.21421258842812
14,14,14.551838061166789
14,15,14.252615303942807
14,16,3.8722087992107017
14,17,5.1296714283385
14,18,12.49851908029529
14,19,23.39681756698845
14,20,5.569189205872671
14,21,18.288736773300286
14,22,18.25855567831846
14,23,8.347307580267437
14,24,24.77832554699893
14,25,12.304052308594393
14,26,10.725941177398692
14,27,6.556652902579688
14,28,19.220469603872708
14,29,13.254666943462242
14,30,6.14180996991024
14,31,12.269814431324184
14,32,10.01891771419868
14,33,19.392001579322653
14,34,12.205935990249458
14,35,6.940242698470848
14,36,29.055066334025824
14,37,8.220090149202345
14,38,10.32268601545095
14,39,14.1226086151176
14,40,7.205407348428351
14,41,4.113385822880086
14,42,101.41945698716542
14,43,19.3530400570293
14,44,6.316085346109914
14,45,34.94004650801617
14,46,106.26997607364945
14,47,9.909330595715447
14,48,6.054180648722464
14,49,17.404781330527605
14,50,17.483606708125652
14,51,20.37521647725155
14,52,5.644824382178501
14,53,7.045627665982417
14,54,4.239402878949924
14,55,5.988071690300965
14,56,10.724763743718327
14,57,6.847065508921236
14,58,7.498420573358335
14,59,5.662683426480458
14,60,14.826498772306685
14,61,3.198475959645288
14,62,5.429090464841229
14,63,19.7880104262506
14,64,12.706813366839485
14,65,7.526310776492033
14,66,17.695294744281803
14,67,6.098183660922057
14,68,7.923838949251103
14,69,3.596429660924953
14,70,14.069439174334262
14,71,105.27002932182582
14,72,71.05071048603273
14,73,10.710956370966313
14,74,7.31409770117282
14,75,11.100358779863004
14,76,14.228035287461006
14,77,4.58741042189627
14,78,3.8296550624441488
14,79,4.478599135868226
14,80,7.166367923898058
14,81,6.242671258154187
14,82,74.01977737253142
14,83,18.06809131278461
14,84,26.84077921872398
14,85,47.57774209496853
14,86,10.228038371296108
14,87,32.550583114889555
14,88,11.60945937436964
14,89,4.776184236307601
14,90,8.675637860610776
14,91,9.7608591505557
14,92,62.75727697962423
14,93,3.7056246547162144
14,94,3.022445876191406
14,95,7.433600485116027
14,96,2.3841249804488567
14,97,28.366089032914566
14,98,4.985774151173617
14,99,5.58269675491563
14,100,21.531780836210444
14,101,7.247958939851282
14,102,7.178021993110494
14,103,8.00145404716899
14,104,25.150478557174942
14,105,6.948641113444461
14,106,9.63076670183353
14,107,4.552587864261696
14,108,82.0357629416684
14,109,43.452870074516156
14,110,21.479254751257567
14,111,14.770602646443015
14,112,53.00830902048799
14,113,11.37675161854917
14,114,27.747468692415985
14,115,7.666313571204612
14,116,6.663757846357297
14,117,15.823493845935234
14,118,8.132667526086612
14,119,10.649923333167811
14,120,6.270021037269011
14,121,13.804297026634329
14,122,5.677239130509455
14,123,13.33503165690715
14,124,20.52185695895672
14,125,8.010790712463319
14,126,11.517512783580372
14,127,6.513580193015723
14,128,11.992986182082696
14,129,23.642216252069833
14,130,5.596331767093863
14,131,19.546091540826705
14,132,12.550880424412924
14,133,10.514317880498428
14,134,9.960742253007126
14,135,4.957036465252523
14,136,3.343983359443673
14,137,15.465855025615761
14,138,18.217125282359824
14,139,10.733125470158702
14,140,5.7198232759150995
14,141,11.93744536865504
14,142,7.88308736476036
14,143,18.78641617791552
14,144,7.901941763980376
14,145,18.302381487773488
14,146,5.150950647767177
14,147,6.517315151645579
14,148,6.546351312666406
14,149,4.40741350113959
14,150,25.637912178845067
14,151,18.127619000470624
14,152,5.549062594165659
14,153,13.88666572603171
14,154,5.246364016304828
14,155,35.68469897904755
14,156,5.792895937651363
14,157,13.077914423301339
14,158,13.420910431049975
14,159,15.583053256909173
14,160,32.4544367831672
14,161,4.918058640229069
14,162,16.13578802123808
14,163,13.164895993186134
14,164,98.63436671541446
14,165,7.332641602053769
14,166,21.734976658510917
14,167,16.422758550826643
14,168,38.62957301021555
14,169,26.57636782831653
14,170,25.74097554907311
14,171,27.522763327303565
14,172,26.195068635072584
14,173,34.2387332060934
14,174,29.35498025538548
14,175,28.601163146687526
14,176,29.510376888424393
14,177,4.77886044552748
14,178,245.1499602465824
15,0,12.5125
15,1,29.481125000000002
15,2,156.641625
15,3,11.574124999999999
15,4,23.148125
15,5,60.096125
15,6,40.983625
15,7,38.819875
15,8,18.168625
15,9,18.328500000000002
15,10,63.7755
15,11,20.29225
15,12,7.8125
15,13,36.76475
15,14,17.099875
15,15,17.680374999999998
15,16,5.114625
15,17,6.41025
15,18,14.988
15,19,28.604124999999996
15,20,6.940625000000001
15,21,24.752499999999998
15,22,25.354999999999997
15,23,10.68375
15,24,31.725875000000002
15,25,14.72325
15,26,12.886625
15,27,7.861625
15,28,25.406499999999998
15,29,15.625
15,30,7.668749999999999
15,31,14.619875
15,32,13.255625
15,33,24.801625
15,34,14.534875
15,35,7.9975
15,36,37.764375
15,37,10.84125
15,38,12.690375
15,39,16.55625
15,40,10.048250000000001
15,41,5.0607500000000005
15,42,122.54899999999999
15,43,25.150875
15,44,8.802875
15,45,46.64175
15,46,132.97875
15,47,11.792499999999999
15,48,7.4405
15,49,23.148125
15,50,20.661125
15,51,25.667375
15,52,6.830625
15,53,9.25925
15,54,5.09375
15,55,7.436
15,56,13.8735
15,57,9.21825
15,58,9.8425
15,59,6.6137500000000005
15,60,20.0
15,61,3.87
15,62,6.720375
15,63,24.752499999999998
15,64,16.622375
15,65,9.124125
15,66,21.258499999999998
15,67,7.64525
15,68,10.245875
15,69,4.32525
15,70,17.680374999999998
15,71,130.89000000000001
15,72,82.7815
15,73,12.940000000000001
15,74,9.328375
15,75,12.940000000000001
15,76,17.38525
15,77,5.4513750000000005
15,78,4.980125
15,79,5.792375
15,80,8.620750000000001
15,81,8.333375
15,82,92.592625
15,83,22.281625
15,84,33.244625
15,85,62.5
15,86,12.677499999999998
15,87,41.39075
15,88,13.60175
15,89,5.734
15,90,10.68375
15,91,12.315249999999999
15,92,78.125
15,93,4.499625
15,94,3.8579999999999997
15,95,9.8425
15,96,3.037625
15,97,35.21125
15,98,6.3775
15,99,6.9445
15,100,27.532999999999998
15,101,9.44825
15,102,8.86525
15,103,10.245875
15,104,30.788125
15,105,8.446
15,106,12.376249999999999
15,107,6.253125000000001
15,108,100.8065
15,109,51.2295
15,110,25.77325
15,111,17.755625
15,112,61.88125
15,113,14.654125
15,114,34.106375
15,115,9.46975
15,116,8.446
15,117,19.50075
15,118,10.162625
15,119,12.254875
15,120,7.2253750000000005
15,121,17.556125
15,122,6.648874999999999
15,123,14.952125
15,124,24.752499999999998
15,125,9.827
15,126,14.740625000000001
15,127,7.9113750000000005
15,128,17.0765
15,129,28.801875
15,130,6.868125000000001
15,131,23.584874999999997
15,132,14.384375
15,133,13.38325
15,134,11.574124999999999
15,135,6.068
15,136,4.23725
15,137,21.55175
15,138,22.851875
15,139,14.12425
15,140,6.98325
15,141,15.375125
15,142,9.904875
15,143,22.361375
15,144,11.16075
15,145,23.8095
15,146,6.1275
15,147,7.891375
15,148,7.6922500000000005
15,149,5.458499999999999
15,150,33.068749999999994
15,151,22.851875
15,152,6.830625
15,153,17.781
15,154,6.830625
15,155,43.40275
15,156,6.894625
15,157,16.40425
15,158,16.55625
15,159,19.53125
15,160,41.52825
15,161,6.1576249999999995
15,162,20.424875
15,163,16.869125
15,164,120.19225
15,165,8.928625
15,166,25.987499999999997
15,167,22.978
15,168,47.529375
15,169,34.086
15,170,33.558875
15,171,35.650625
15,172,33.73275
15,173,47.352125
15,174,36.132374999999996
15,175,36.132374999999996
15,176,36.132374999999996
15,177,6.027
15,178,308.642
16,0,12.5125
16,1,29.481125000000002
16,2,156.641625
16,3,11.574124999999999
16,4,23.148125
16,5,60.096125
16,6,40.983625
16,7,38.819875
16,8,18.168625
16,9,18.328500000000002
16,10,63.7755
16,11,20.29225
16,12,7.8125
16,13,36.76475
16,14,17.099875
16,15,17.680374999999998
16,16,5.114625
16,17,6.41025
16,18,14.988
16,19,28.604124999999996
16,20,6.940625000000001
16,21,24.752499999999998
16,22,25.354999999999997
16,23,10.68375
16,24,31.725875000000002
16,25,14.72325
16,26,12.886625
16,27,7.861625
16,28,25.406499999999998
16,29,15.625
16,30,7.668749999999999
16,31,14.619875
16,32,13.255625
16,33,24.801625
16,34,14.534875
16,35,7.9975
16,36,37.764375
16,37,10.84125
16,38,12.690375
16,39,16.55625
16,40,10.048250000000001
16,41,5.0607500000000005
16,42,122.54899999999999
16,43,25.150875
16,44,8.802875
16,45,46.64175
16,46,132.97875
16,47,11.792499999999999
16,48,7.4405
16,49,23.148125
16,50,20.661125
16,51,25.667375
16,52,6.830625
16,53,9.25925
16,54,5.09375
16,55,7.436
16,56,13.8735
16,57,9.21825
16,58,9.8425
16,59,6.6137500000000005
16,60,20.0
16,61,3.87
16,62,6.720375
16,63,24.752499999999998
16,64,16.622375
16,65,9.124125
16,66,21.258499999999998
16,67,7.64525
16,68,10.245875
16,69,4.32525
16,70,17.680374999999998
16,71,130.89000000000001
16,72,82.7815
16,73,12.940000000000001
16,74,9.328375
16,75,12.940000000000001
16,76,17.38525
16,77,5.4513750000000005
16,78,4.980125
16,79,5.792375
16,80,8.620750000000001
16,81,8.333375
16,82,92.592625
16,83,22.281625
16,84,33.244625
16,85,62.5
16,86,12.677499999999998
16,87,41.39075
16,88,13.60175
16,89,5.734
16,90,10.68375
16,91,12.315249999999999
16,92,78.125
16,93,4.499625
16,94,3.8579999999999997
16,95,9.8425
16,96,3.037625
16,97,35.21125
16,98,6.3775
16,99,6.9445
16,100,27.532999999999998
16,101,9.44825
16,102,8.86525
16,103,10.245875
16,104,30.788125
16,105,8.446
16,106,12.376249999999999
16,107,6.253125000000001
16,108,100.8065
16,109,51.2295
16,110,25.77325
16,111,17.755625
16,112,61.88125
16,113,14.654125
16,114,34.106375
16,115,9.46975
16,116,8.446
16,117,19.50075
16,118,10.162625
16,119,12.254875
16,120,7.2253750000000005
16,121,17.556125
16,122,6.648874999999999
16,123,14.952125
16,124,24.752499999999998
16,125,9.827
16,126,14.740625000000001
16,127,7.9113750000000005
16,128,17.0765
16,129,28.801875
16,130,6.868125000000001
16,131,23.584874999999997
16,132,14.384375
16,133,13.38325
16,134,11.574124999999999
16,135,6.068
16,136,4.23725
16,137,21.55175
16,138,22.851875
16,139,14.12425
16,140,6.98325
16,141,15.375125
16,142,9.904875
16,143,22.361375
16,144,11.16075
16,145,23.8095
16,146,6.1275
16,147,7.891375
16,148,7.6922500000000005
16,149,5.458499999999999
16,150,33.068749999999994
16,151,22.851875
16,152,6.830625
16,153,17.781
16,154,6.830625
16,155,43.40275
16,156,6.894625
16,157,16.40425
16,158,16.55625
16,159,19.53125
16,160,41.52825
16,161,6.1576249999999995
16,162,20.424875
16,163,16.869125
16,164,120.19225
16,165,8.928625
16,166,25.987499999999997
16,167,22.978
16,168,47.529375
16,169,34.086
16,170,33.558875
16,171,35.650625
16,172,33.73275
16,173,47.352125
16,174,36.132374999999996
16,175,36.132374999999996
16,176,36.132374999999996
16,177,6.027
16,178,308.642
17,0,10.181540734988296
17,1,24.204857486657986
17,2,120.80914414931779
17,3,9.230596199135366
17,4,17.1026882904037
17,5,45.856138043101446
17,6,32.88163295071961
17,7,32.44191244243178
17,8,15.205996427103091
17,9,14.470444843294755
17,10,50.51831039486362
17,11,15.616677037594867
17,12,6.206745715034392
17,13,30.19081433360367
17,14,14.527472379674759
17,15,13.327807131828635
17,16,4.083285711436658
17,17,5.275928182013533
17,18,11.954939596926343
17,19,23.836428039115205
17,20,5.703789445162818
17,21,20.595536707126794
17,22,21.27235049759543
17,23,7.561051460726795
17,24,25.121551632766867
17,25,11.698402894393604
17,26,9.948182781917133
17,27,5.778359677596903
17,28,23.04711938365019
17,29,12.667808783985688
17,30,6.070620336917351
17,31,11.516120774329247
17,32,9.184660218497857
17,33,20.224139618191018
17,34,10.601750723410973
17,35,6.291829028650949
17,36,32.171978336573915
17,37,8.266253106568954
17,38,9.420400871270202
17,39,13.150508507588427
17,40,8.407414247398634
17,41,3.981231701046089
17,42,95.73037966737789
17,43,20.34130188124819
17,44,6.820737899151341
17,45,39.348345720046495
17,46,108.89009997093446
17,47,9.34152498366814
17,48,5.952355527170871
17,49,18.304788339268253
17,50,16.422551306729684
17,51,19.150387327899907
17,52,5.456592706942153
17,53,7.699401065596835
17,54,4.395893032083369
17,55,6.310732301537343
17,56,10.055788376887145
17,57,6.682528197547426
17,58,8.498853512996522
17,59,4.986480078260609
17,60,15.403690562061355
17,61,3.043599240914032
17,62,4.890670152369654
17,63,21.119748048297517
17,64,12.680959447876571
17,65,6.850875358751995
17,66,18.018005797693224
17,67,6.651957310737428
17,68,7.740165115340152
17,69,3.6601600281298294
17,70,13.649688527563336
17,71,105.41399615141054
17,72,66.15203121074953
17,73,10.22563728052802
17,74,8.029971888988745
17,75,10.080341832274055
17,76,14.624663478402725
17,77,4.443261455261318
17,78,4.073711463021645
17,79,4.61147778427876
17,80,7.001049422095506
17,81,6.750009764364552
17,82,75.52206847882411
17,83,17.00351359384574
17,84,25.789516509186544
17,85,52.27100609333984
17,86,10.180459926278441
17,87,34.83241856591747
17,88,10.85432274682989
17,89,4.741329718970677
17,90,8.332702379318263
17,91,10.192866030057372
17,92,60.62711590389886
17,93,3.2809605758409752
17,94,3.2058713218300876
17,95,7.697172215852239
17,96,2.4418359421113967
17,97,29.662973023113388
17,98,5.233584705831299
17,99,5.878705727793373
17,100,21.077998470930336
17,101,7.137355133910162
17,102,7.568228063775104
17,103,7.639501449894893
17,104,24.477020977756347
17,105,7.026476834919412
17,106,10.647502969774294
17,107,5.167834112395601
17,108,72.47010024101877
17,109,41.13512835143354
17,110,22.467116958573058
17,111,15.35967177270382
17,112,45.96590257588484
17,113,11.957405743665621
17,114,26.30505252012198
17,115,8.026699201643535
17,116,6.7592694794569095
17,117,16.788909325563285
17,118,8.495103662692703
17,119,9.610494554808499
17,120,5.673281803807063
17,121,13.84262331436116
17,122,4.868140069772888
17,123,12.825556125622374
17,124,18.93200472397942
17,125,7.694199764642643
17,126,11.847134893342398
17,127,6.689757360573045
17,128,13.369093643749698
17,129,24.063188613482946
17,130,5.678222248423881
17,131,20.073579320476792
17,132,11.003204897922025
17,133,11.925394535626848
17,134,8.801696630380157
17,135,4.784963904851
17,136,3.570853651556629
17,137,18.29594644642471
17,138,17.582428741548416
17,139,11.305357028237394
17,140,5.8381885206134525
17,141,12.879419890391349
17,142,7.96270991899067
17,143,18.39901716946956
17,144,8.459085588579162
17,145,18.98763715974565
17,146,5.4916917928093545
17,147,5.995927612717694
17,148,5.897024286549103
17,149,4.443428792488638
17,150,26.89591371356349
17,151,18.8450000135748
17,152,5.319304285240286
17,153,13.352577476943843
17,154,5.053064391199243
17,155,34.839757463288784
17,156,5.557819635904549
17,157,13.739469474605219
17,158,13.287642259237066
17,159,15.756905744067875
17,160,33.18976245827509
17,161,5.078027268258811
17,162,17.0343461133412
17,163,13.56724360482007
17,164,96.22205091377226
17,165,6.611622327032375
17,166,19.808871667467415
17,167,19.065144082405755
17,168,39.44863622544673
17,169,26.709973899247075
17,170,27.961795731381606
17,171,27.426896167045193
17,172,25.085783709738422
17,173,35.400820660176194
17,174,28.244719499305244
17,175,27.936053888992053
17,176,25.529060937716547
17,177,4.731715628139262
17,178,268.8909020507225
18,0,12.5125
18,1,29.481125000000002
18,2,156.641625
18,3,11.574124999999999
18,4,23.148125
18,5,60.096125
18,6,40.983625
18,7,38.819875
18,8,18.168625
18,9,18.328500000000002
18,10,63.7755
18,11,20.29225
18,12,7.8125
18,13,36.76475
18,14,17.099875
18,15,17.680374999999998
18,16,5.114625
18,17,6.41025
18,18,14.988
18,19,28.604124999999996
18,20,6.940625000000001
18,21,24.752499999999998
18,22,25.354999999999997
18,23,10.68375
18,24,31.725875000000002
18,25,14.72325
18,26,12.886625
18,27,7.861625
18,28,25.406499999999998
18,29,15.625
18,30,7.668749999999999
18,31,14.619875
18,32,13.255625
18,33,24.801625
18,34,14.534875
18,35,7.9975
18,36,37.764375
18,37,10.84125
18,38,12.690375
18,39,16.55625
18,40,10.048250000000001
18,41,5.0607500000000005
18,42,122.54899999999999
18,43,25.150875
18,44,8.802875
18,45,46.64175
18,46,132.97875
18,47,11.792499999999999
18,48,7.4405
18,49,23.148125
18,50,20.661125
18,51,25.667375
18,52,6.830625
18,53,9.25925
18,54,5.09375
18,55,7.436
18,56,13.8735
18,57,9.21825
18,58,9.8425
18,59,6.6137500000000005
18,60,20.0
18,61,3.87
18,62,6.720375
18,63,24.752499999999998
18,64,16.622375
18,65,9.124125
18,66,21.258499999999998
18,67,7.64525
18,68,10.245875
18,69,4.32525
18,70,17.680374999999998
18,71,130.89000000000001
18,72,82.7815
18,73,12.940000000000001
18,74,9.328375
18,75,12.940000000000001
18,76,17.38525
18,77,5.4513750000000005
18,78,4.980125
18,79,5.792375
18,80,8.620750000000001
18,81,8.333375
18,82,92.592625
18,83,22.281625
18,84,33.244625
18,85,62.5
18,86,12.677499999999998
18,87,41.39075
18,88,13.60175
18,89,5.734
18,90,10.68375
18,91,12.315249999999999
18,92,78.125
18,93,4.499625
18,94,3.8579999999999997
18,95,9.8425
18,96,3.037625
18,97,35.21125
18,98,6.3775
18,99,6.9445
18,100,27.532999999999998
18,101,9.44825
18,102,8.86525
18,103,10.245875
18,104,30.788125
18,105,8.446
18,106,12.376249999999999
18,107,6.253125000000001
18,108,100.8065
18,109,51.2295
18,110,25.77325
18,111,17.755625
18,112,61.88125
18,113,14.654125
18,114,34.106375
18,115,9.46975
18,116,8.446
18,117,19.50075
18,118,10.162625
18,119,12.254875
18,120,7.2253750000000005
18,121,17.556125
18,122,6.648874999999999
18,123,14.952125
18,124,24.752499999999998
18,125,9.827
18,126,14.740625000000001
18,127,7.9113750000000005
18,128,17.0765
18,129,28.801875
18,130,6.868125000000001
18,131,23.584874999999997
18,132,14.384375
18,133,13.38325
18,134,11.574124999999999
18,135,6.068
18,136,4.23725
18,137,21.55175
18,138,22.851875
18,139,14.12425
18,140,6.98325
18,141,15.375125
18,142,9.904875
18,143,22.361375
18,144,11.16075
18,145,23.8095
18,146,6.1275
18,147,7.891375
18,148,7.6922500000000005
18,149,5.458499999999999
18,150,33.068749999999994
18,151,22.851875
18,152,6.830625
18,153,17.781
18,154,6.830625
18,155,43.40275
18,156,6.894625
18,157,16.40425
18,158,16.55625
18,159,19.53125
18,160,41.52825
18,161,6.1576249999999995
18,162,20.424875
18,163,16.869125
18,164,120.19225
18,165,8.928625
18,166,25.987499999999997
18,167,22.978
18,168,47.529375
18,169,34.086
18,170,33.558875
18,171,35.650625
18,172,33.73275
18,173,47.352125
18,174,36.132374999999996
18,175,36.132374999999996
18,176,36.132374999999996
18,177,6.027
18,178,308.642
19,0,12.5125
19,1,29.481125000000002
19,2,156.641625
19,3,11.574124999999999
19,4,23.148125
19,5,60.096125
19,6,40.983625
19,7,38.819875
19,8,18.168625
19,9,18.328500000000002
19,10,63.7755
19,11,20.29225
19,12,7.8125
19,13,36.76475
19,14,17.099875
19,15,17.680374999999998
19,16,5.114625
19,17,6.41025
19,18,14.988
19,19,28.604124999999996
19,20,6.940625000000001
19,21,24.752499999999998
19,22,25.354999999999997
19,23,10.68375
19,24,31.725875000000002
19,25,14.72325
19,26,12.886625
19,27,7.861625
19,28,25.406499999999998
19,29,15.625
19,30,7.668749999999999
19,31,14.619875
19,32,13.255625
19,33,24.801625
19,34,14.534875
19,35,7.9975
19,36,37.764375
19,37,10.84125
19,38,12.690375
19,39,16.55625
19,40,10.048250000000001
19,41,5.0607500000000005
19,42,122.54899999999999
19,43,25.150875
19,44,8.802875
19,45,46.64175
19,46,132.97875
19,47,11.792499999999999
19,48,7.4405
19,49,23.148125
19,50,20.661125
19,51,25.667375
19,52,6.830625
19,53,9.25925
19,54,5.09375
19,55,7.436
19,56,13.8735
19,57,9.21825
19,58,9.8425
19,59,6.6137500000000005
19,60,20.0
19,61,3.87
19,62,6.720375
19,63,24.752499999999998
19,64,16.622375
19,65,9.124125
19,66,21.258499999999998
19,67,7.64525
19,68,10.245875
19,69,4.32525
19,70,17.680374999999998
19,71,130.89000000000001
19,72,82.7815
19,73,12.940000000000001
19,74,9.328375
19,75,12.940000000000001
19,76,17.38525
19,77,5.4513750000000005
19,78,4.980125
19,79,5.792375
19,80,8.620750000000001
19,81,8.333375
19,82,92.592625
19,83,22.281625
19,84,33.244625
19,85,62.5
19,86,12.677499999999998
19,87,41.39075
19,88,13.60175
19,89,5.734
19,90,10.68375
19,91,12.315249999999999
19,92,78.125
19,93,4.499625
19,94,3.8579999999999997
19,95,9.8425
19,96,3.037625
19,97,35.21125
19,98,6.3775
19,99,6.9445
19,100,27.532999999999998
19,101,9.44825
19,102,8.86525
19,103,10.245875
19,104,30.788125
19,105,8.446
19,106,12.376249999999999
19,107,6.253125000000001
19,108,100.8065
19,109,51.2295
19,110,25.77325
19,111,17.755625
19,112,61.88125
19,113,14.654125
19,114,34.106375
19,115,9.46975
19,116,8.446
19,117,19.50075
19,118,10.162625
19,119,12.254875
19,120,7.2253750000000005
19,121,17.556125
19,122,6.648874999999999
19,123,14.952125
19,124,24.752499999999998
19,125,9.827
19,126,14.740625000000001
19,127,7.9113750000000005
19,128,17.0765
19,129,28.801875
19,130,6.868125000000001
19,131,23.584874999999997
19,132,14.384375
19,133,13.38325
19,134,11.574124999999999
19,135,6.068
19,136,4.23725
19,137,21.55175
19,138,22.851875
19,139,14.12425
19,140,6.98325
19,141,15.375125
19,142,9.904875
19,143,22.361375
19,144,11.16075
19,145,23.8095
19,146,6.1275
19,147,7.891375
19,148,7.6922500000000005
19,149,5.458499999999999
19,150,33.068749999999994
19,151,22.851875
19,152,6.830625
19,153,17.781
19,154,6.830625
19,155,43.40275
19,156,6.894625
19,157,16.40425
19,158,16.55625
19,159,19.53125
19,160,41.52825
19,161,6.1576249999999995
19,162,20.424875
19,163,16.869125
19,164,120.19225
19,165,8.928625
19,166,25.987499999999997
19,167,22.978
19,168,47.529375
19,169,34.086
19,170,33.558875
19,171,35.650625
19,172,33.73275
19,173,47.352125
19,174,36.132374999999996
19,175,36.132374999999996
19,176,36.132374999999996
19,177,6.027
19,178,308.642
20,0,12.5125
20,1,29.481125000000002
20,2,156.641625
20,3,11.574124999999999
20,4,23.148125
20,5,60.096125
20,6,40.983625
20,7,38.819875
20,8,18.168625
20,9,18.328500000000002
20,10,63.7755
20,11,20.29225
20,12,7.8125
20,13,36.76475
20,14,17.099875
20,15,17.680374999999998
20,16,5.114625
20,17,6.41025
20,18,14.988
20,19,28.604124999999996
20,20,6.940625000000001
20,21,24.752499999999998
20,22,25.354999999999997
20,23,10.68375
20,24,31.725875000000002
20,25,14.72325
20,26,12.886625
20,27,7.861625
20,28,25.406499999999998
20,29,15.625
20,30,7.668749999999999
20,31,14.619875
20,32,13.255625
20,33,24.801625
20,34,14.534875
20,35,7.9975
20,36,37.764375
20,37,10.84125
20,38,12.690375
20,39,16.55625
20,40,10.048250000000001
20,41,5.0607500000000005
20,42,122.54899999999999
20,43,25.150875
20,44,8.802875
20,45,46.64175
20,46,132.97875
20,47,11.792499999999999
20,48,7.4405
20,49,23.148125
20,50,20.661125
20,51,25.667375
20,52,6.830625
20,53,9.25925
20,54,5.09375
20,55,7.436
20,56,13.8735
20,57,9.21825
20,58,9.8425
20,59,6.6137500000000005
20,60,20.0
20,61,3.87
20,62,6.720375
20,63,24.752499999999998
20,64,16.622375
20,65,9.124125
20,66,21.258499999999998
20,67,7.64525
20,68,10.245875
20,69,4.32525
20,70,17.680374999999998
20,71,130.89000000000001
20,72,82.7815
20,73,12.940000000000001
20,74,9.328375
20,75,12.940000000000001
20,76,17.38525
20,77,5.4513750000000005
20,78,4.980125
20,79,5.792375
20,80,8.620750000000001
20,81,8.333375
20,82,92.592625
20,83,22.281625
20,84,33.244625
20,85,62.5
20,86,12.677499999999998
20,87,41.39075
20,88,13.60175
20,89,5.734
20,90,10.68375
20,91,12.315249999999999
20,92,78.125
20,93,4.499625
20,94,3.8579999999999997
20,95,9.8425
20,96,3.037625
20,97,35.21125
20,98,6.3775
20,99,6.9445
20,100,27.532999999999998
20,101,9.44825
20,102,8.86525
20,103,10.245875
20,104,30.788125
20,105,8.446
20,106,12.376249999999999
20,107,6.253125000000001
20,108,100.8065
20,109,51.2295
20,110,25.77325
20,111,17.755625
20,112,61.88125
20,113,14.654125
20,114,34.106375
20,115,9.46975
20,116,8.446
20,117,19.50075
20,118,10.162625
20,119,12.254875
20,120,7.2253750000000005
20,121,17.556125
20,122,6.648874999999999
20,123,14.952125
20,124,24.752499999999998
20,125,9.827
20,126,14.740625000000001
20,127,7.9113750000000005
20,128,17.0765
20,129,28.801875
20,130,6.868125000000001
20,131,23.584874999999997
20,132,14.384375
20,133,13.38325
20,134,11.574124999999999
20,135,6.068
20,136,4.23725
20,137,21.55175
20,138,22.851875
20,139,14.12425
20,140,6.98325
20,141,15.375125
20,142,9.904875
20,143,22.361375
20,144,11.16075
20,145,23.8095
20,146,6.1275
20,147,7.891375
20,148,7.6922500000000005
20,149,5.458499999999999
20,150,33.068749999999994
20,151,22.851875
20,152,6.830625
20,153,17.781
20,154,6.830625
20,155,43.40275
20,156,6.894625
20,157,16.40425
20,158,16.55625
20,159,19.53125
20,160,41.52825
20,161,6.1576249999999995
20,162,20.424875
20,163,16.869125
20,164,120.19225
20,165,8.928625
20,166,25.987499999999997
20,167,22.978
20,168,47.529375
20,169,34.086
20,170,33.558875
20,171,35.650625
20,172,33.73275
20,173,47.352125
20,174,36.132374999999996
20,175,36.132374999999996
20,176,36.132374999999996
20,177,6.027
20,178,308.642
