omega,e_id,U_ew
1,0,271.0
1,1,271.0
1,2,316.0
1,3,315.0
1,4,316.0
1,5,316.0
1,6,1279.0
1,7,1278.0
1,8,271.0
1,9,273.0
1,10,271.0
1,11,271.0
1,12,271.0
1,13,295.0
1,14,271.0
1,15,271.0
1,16,207.0
1,17,259.0
1,18,295.0
1,19,271.0
1,20,284.0
1,21,300.0
1,22,311.0
1,23,320.0
1,24,271.0
1,25,318.0
1,26,320.0
1,27,320.0
1,28,284.0
1,29,334.0
1,30,318.0
1,31,313.0
1,32,297.0
1,33,1044.0
1,34,612.0
1,35,271.0
1,36,262.0
1,37,284.0
1,38,271.0
1,39,271.0
1,40,270.0
1,41,205.0
1,42,316.0
1,43,315.0
1,44,277.0
1,45,262.0
1,46,286.0
1,47,271.0
1,48,252.0
1,49,975.0
1,50,271.0
1,51,273.0
1,52,271.0
1,53,271.0
1,54,210.0
1,55,300.0
1,56,298.0
1,57,275.0
1,58,273.0
1,59,266.0
1,60,270.0
1,61,160.0
1,62,248.0
1,63,252.0
1,64,252.0
1,65,252.0
1,66,255.0
1,67,298.0
1,68,318.0
1,69,178.0
1,70,304.0
1,71,279.0
1,72,262.0
1,73,252.0
1,74,252.0
1,75,252.0
1,76,252.0
1,77,225.0
1,78,201.0
1,79,239.0
1,80,316.0
1,81,316.0
1,82,334.0
1,83,316.0
1,84,316.0
1,85,1236.0
1,86,534.0
1,87,1215.0
1,88,334.0
1,89,237.0
1,90,316.0
1,91,316.0
1,92,1234.0
1,93,183.0
1,94,156.0
1,95,306.0
1,96,129.0
1,97,298.0
1,98,262.0
1,99,286.0
1,100,338.0
1,101,271.0
1,102,271.0
1,103,261.0
1,104,271.0
1,105,273.0
1,106,270.0
1,107,253.0
1,108,271.0
1,109,313.0
1,110,253.0
1,111,315.0
1,112,1231.0
1,113,253.0
1,114,270.0
1,115,219.0
1,116,277.0
1,117,219.0
1,118,196.0
1,119,334.0
1,120,302.0
1,121,334.0
1,122,271.0
1,123,271.0
1,124,334.0
1,125,271.0
1,126,271.0
1,127,271.0
1,128,271.0
1,129,189.7
1,130,286.0
1,131,270.0
1,132,266.0
1,133,334.0
1,134,316.0
1,135,252.0
1,136,176.0
1,137,270.0
1,138,266.0
1,139,334.0
1,140,288.0
1,141,315.0
1,142,316.0
1,143,316.0
1,144,316.0
1,145,271.0
1,146,253.0
1,147,275.0
1,148,261.0
1,149,223.0
1,150,289.0
1,151,295.0
1,152,277.0
1,153,246.0
1,154,277.0
1,155,248.0
1,156,286.0
1,157,248.0
1,158,277.0
1,159,243.0
1,160,271.0
1,161,250.0
1,162,316.0
1,163,315.0
1,164,315.0
1,165,306.0
1,166,271.0
1,167,271.0
1,168,1978.0
1,169,1382.0
1,170,1360.0
1,171,1409.0
1,172,1368.0
1,173,1971.0
1,174,1427.0
1,175,1427.0
1,176,1427.0
1,177,253.0
1,178,12992.0
2,0,271.0
2,1,271.0
2,2,0.0
2,3,0.0
2,4,0.0
2,5,316.0
2,6,1279.0
2,7,0.0
2,8,271.0
2,9,0.0
2,10,271.0
2,11,271.0
2,12,271.0
2,13,295.0
2,14,271.0
2,15,271.0
2,16,207.0
2,17,259.0
2,18,295.0
2,19,271.0
2,20,284.0
2,21,300.0
2,22,311.0
2,23,320.0
2,24,271.0
2,25,318.0
2,26,320.0
2,27,320.0
2,28,284.0
2,29,334.0
2,30,318.0
2,31,313.0
2,32,297.0
2,33,1044.0
2,34,612.0
2,35,271.0
2,36,262.0
2,37,284.0
2,38,271.0
2,39,271.0
2,40,270.0
2,41,205.0
2,42,316.0
2,43,315.0
2,44,277.0
2,45,262.0
2,46,286.0
2,47,271.0
2,48,252.0
2,49,975.0
2,50,271.0
2,51,273.0
2,52,271.0
2,53,271.0
2,54,210.0
2,55,300.0
2,56,298.0
2,57,275.0
2,58,273.0
2,59,266.0
2,60,270.0
2,61,160.0
2,62,248.0
2,63,252.0
2,64,252.0
2,65,252.0
2,66,255.0
2,67,298.0
2,68,318.0
2,69,178.0
2,70,304.0
2,71,279.0
2,72,262.0
2,73,252.0
2,74,252.0
2,75,252.0
2,76,252.0
2,77,225.0
2,78,201.0
2,79,239.0
2,80,316.0
2,81,316.0
2,82,334.0
2,83,316.0
2,84,316.0
2,85,1236.0
2,86,534.0
2,87,1215.0
2,88,334.0
2,89,237.0
2,90,316.0
2,91,316.0
2,92,1234.0
2,93,183.0
2,94,156.0
2,95,306.0
2,96,129.0
2,97,298.0
2,98,262.0
2,99,200.2
2,100,338.0
2,101,271.0
2,102,271.0
2,103,261.0
2,104,271.0
2,105,273.0
2,106,189.0
2,107,253.0
2,108,271.0
2,109,313.0
2,110,253.0
2,111,315.0
2,112,1231.0
2,113,253.0
2,114,270.0
2,115,219.0
2,116,277.0
2,117,219.0
2,118,280.0
2,119,334.0
2,120,302.0
2,121,334.0
2,122,271.0
2,123,271.0
2,124,334.0
2,125,271.0
2,126,271.0
2,127,271.0
2,128,271.0
2,129,271.0
2,130,286.0
2,131,270.0
2,132,266.0
2,133,334.0
2,134,316.0
2,135,252.0
2,136,176.0
2,137,270.0
2,138,266.0
2,139,233.79999999999998
2,140,288.0
2,141,315.0
2,142,316.0
2,143,316.0
2,144,316.0
2,145,271.0
2,146,253.0
2,147,192.5
2,148,261.0
2,149,223.0
2,150,289.0
2,151,206.5
2,152,277.0
2,153,246.0
2,154,277.0
2,155,248.0
2,156,286.0
2,157,248.0
2,158,277.0
2,159,243.0
2,160,271.0
2,161,250.0
2,162,316.0
2,163,315.0
2,164,315.0
2,165,306.0
2,166,271.0
2,167,271.0
2,168,0.0
2,169,1382.0
2,170,1360.0
2,171,1409.0
2,172,1368.0
2,173,1971.0
2,174,1427.0
2,175,1427.0
2,176,1427.0
2,177,253.0
2,178,12992.0
3,0,271.0
3,1,271.0
3,2,316.0
3,3,315.0
3,4,316.0
3,5,316.0
3,6,1279.0
3,7,1278.0
3,8,271.0
3,9,273.0
3,10,271.0
3,11,271.0
3,12,271.0
3,13,295.0
3,14,271.0
3,15,271.0
3,16,207.0
3,17,259.0
3,18,295.0
3,19,271.0
3,20,284.0
3,21,300.0
3,22,311.0
3,23,320.0
3,24,271.0
3,25,318.0
3,26,320.0
3,27,320.0
3,28,284.0
3,29,334.0
3,30,318.0
3,31,313.0
3,32,297.0
3,33,1044.0
3,34,612.0
3,35,271.0
3,36,262.0
3,37,284.0
3,38,271.0
3,39,271.0
3,40,270.0
3,41,205.0
3,42,316.0
3,43,315.0
3,44,277.0
3,45,262.0
3,46,286.0
3,47,271.0
3,48,252.0
3,49,682.5
3,50,271.0
3,51,273.0
3,52,271.0
3,53,271.0
3,54,210.0
3,55,300.0
3,56,298.0
3,57,275.0
3,58,273.0
3,59,266.0
3,60,270.0
3,61,160.0
3,62,248.0
3,63,252.0
3,64,176.39999999999998
3,65,252.0
3,66,255.0
3,67,298.0
3,68,318.0
3,69,178.0
3,70,304.0
3,71,279.0
3,72,262.0
3,73,252.0
3,74,252.0
3,75,252.0
3,76,252.0
3,77,225.0
3,78,201.0
3,79,239.0
3,80,316.0
3,81,316.0
3,82,334.0
3,83,316.0
3,84,316.0
3,85,1236.0
3,86,534.0
3,87,1215.0
3,88,334.0
3,89,237.0
3,90,316.0
3,91,221.2
3,92,1234.0
3,93,183.0
3,94,156.0
3,95,306.0
3,96,129.0
3,97,298.0
3,98,262.0
3,99,286.0
3,100,338.0
3,101,271.0
3,102,271.0
3,103,261.0
3,104,271.0
3,105,273.0
3,106,270.0
3,107,253.0
3,108,271.0
3,109,219.1
3,110,253.0
3,111,315.0
3,112,1231.0
3,113,253.0
3,114,270.0
3,115,219.0
3,116,277.0
3,117,219.0
3,118,280.0
3,119,334.0
3,120,302.0
3,121,334.0
3,122,271.0
3,123,271.0
3,124,334.0
3,125,271.0
3,126,271.0
3,127,271.0
3,128,271.0
3,129,271.0
3,130,286.0
3,131,270.0
3,132,266.0
3,133,233.79999999999998
3,134,316.0
3,135,252.0
3,136,176.0
3,137,270.0
3,138,266.0
3,139,334.0
3,140,288.0
3,141,220.5
3,142,316.0
3,143,316.0
3,144,316.0
3,145,271.0
3,146,253.0
3,147,275.0
3,148,261.0
3,149,223.0
3,150,289.0
3,151,295.0
3,152,277.0
3,153,246.0
3,154,277.0
3,155,248.0
3,156,286.0
3,157,248.0
3,158,277.0
3,159,243.0
3,160,271.0
3,161,250.0
3,162,316.0
3,163,315.0
3,164,315.0
3,165,306.0
3,166,271.0
3,167,271.0
3,168,1978.0
3,169,1382.0
3,170,1360.0
3,171,1409.0
3,172,1368.0
3,173,1971.0
3,174,1427.0
3,175,1427.0
3,176,1427.0
3,177,253.0
3,178,12992.0
4,0,271.0
4,1,271.0
4,2,0.0
4,3,0.0
4,4,0.0
4,5,316.0
4,6,1279.0
4,7,0.0
4,8,271.0
4,9,0.0
4,10,271.0
4,11,271.0
4,12,271.0
4,13,295.0
4,14,271.0
4,15,271.0
4,16,207.0
4,17,259.0
4,18,295.0
4,19,271.0
4,20,284.0
4,21,300.0
4,22,311.0
4,23,320.0
4,24,271.0
4,25,318.0
4,26,320.0
4,27,320.0
4,28,284.0
4,29,334.0
4,30,318.0
4,31,313.0
4,32,297.0
4,33,1044.0
4,34,612.0
4,35,271.0
4,36,262.0
4,37,284.0
4,38,271.0
4,39,271.0
4,40,270.0
4,41,205.0
4,42,316.0
4,43,315.0
4,44,277.0
4,45,262.0
4,46,286.0
4,47,271.0
4,48,252.0
4,49,975.0
4,50,271.0
4,51,273.0
4,52,271.0
4,53,271.0
4,54,210.0
4,55,300.0
4,56,298.0
4,57,275.0
4,58,273.0
4,59,266.0
4,60,270.0
4,61,112.0
4,62,248.0
4,63,252.0
4,64,252.0
4,65,252.0
4,66,255.0
4,67,298.0
4,68,318.0
4,69,178.0
4,70,304.0
4,71,279.0
4,72,262.0
4,73,252.0
4,74,176.39999999999998
4,75,252.0
4,76,252.0
4,77,225.0
4,78,201.0
4,79,239.0
4,80,316.0
4,81,316.0
4,82,334.0
4,83,316.0
4,84,316.0
4,85,1236.0
4,86,534.0
4,87,1215.0
4,88,334.0
4,89,237.0
4,90,316.0
4,91,316.0
4,92,1234.0
4,93,183.0
4,94,156.0
4,95,306.0
4,96,129.0
4,97,298.0
4,98,262.0
4,99,286.0
4,100,338.0
4,101,271.0
4,102,271.0
4,103,261.0
4,104,271.0
4,105,273.0
4,106,270.0
4,107,177.1
4,108,189.7
4,109,313.0
4,110,253.0
4,111,315.0
4,112,1231.0
4,113,253.0
4,114,270.0
4,115,219.0
4,116,277.0
4,117,219.0
4,118,280.0
4,119,334.0
4,120,302.0
4,121,334.0
4,122,271.0
4,123,189.7
4,124,334.0
4,125,271.0
4,126,271.0
4,127,271.0
4,128,271.0
4,129,271.0
4,130,286.0
4,131,270.0
4,132,266.0
4,133,334.0
4,134,316.0
4,135,176.39999999999998
4,136,176.0
4,137,270.0
4,138,266.0
4,139,334.0
4,140,288.0
4,141,315.0
4,142,316.0
4,143,316.0
4,144,316.0
4,145,271.0
4,146,253.0
4,147,275.0
4,148,182.7
4,149,223.0
4,150,289.0
4,151,295.0
4,152,277.0
4,153,246.0
4,154,277.0
4,155,248.0
4,156,286.0
4,157,248.0
4,158,277.0
4,159,243.0
4,160,271.0
4,161,250.0
4,162,316.0
4,163,315.0
4,164,315.0
4,165,306.0
4,166,271.0
4,167,271.0
4,168,0.0
4,169,1382.0
4,170,1360.0
4,171,1409.0
4,172,1368.0
4,173,1971.0
4,174,1427.0
4,175,1427.0
4,176,1427.0
4,177,253.0
4,178,12992.0
5,0,189.7
5,1,271.0
5,2,316.0
5,3,315.0
5,4,316.0
5,5,316.0
5,6,1279.0
5,7,1278.0
5,8,271.0
5,9,273.0
5,10,271.0
5,11,271.0
5,12,271.0
5,13,295.0
5,14,271.0
5,15,271.0
5,16,144.89999999999998
5,17,259.0
5,18,295.0
5,19,271.0
5,20,284.0
5,21,300.0
5,22,311.0
5,23,320.0
5,24,271.0
5,25,318.0
5,26,320.0
5,27,320.0
5,28,284.0
5,29,334.0
5,30,318.0
5,31,313.0
5,32,297.0
5,33,1044.0
5,34,612.0
5,35,271.0
5,36,262.0
5,37,284.0
5,38,271.0
5,39,271.0
5,40,270.0
5,41,205.0
5,42,316.0
5,43,315.0
5,44,277.0
5,45,262.0
5,46,286.0
5,47,271.0
5,48,252.0
5,49,975.0
5,50,271.0
5,51,273.0
5,52,271.0
5,53,271.0
5,54,210.0
5,55,300.0
5,56,298.0
5,57,192.5
5,58,273.0
5,59,186.2
5,60,270.0
5,61,160.0
5,62,248.0
5,63,252.0
5,64,252.0
5,65,252.0
5,66,255.0
5,67,298.0
5,68,222.6
5,69,178.0
5,70,304.0
5,71,279.0
5,72,262.0
5,73,252.0
5,74,252.0
5,75,252.0
5,76,252.0
5,77,225.0
5,78,201.0
5,79,239.0
5,80,316.0
5,81,316.0
5,82,334.0
5,83,316.0
5,84,316.0
5,85,1236.0
5,86,534.0
5,87,1215.0
5,88,334.0
5,89,237.0
5,90,316.0
5,91,316.0
5,92,1234.0
5,93,183.0
5,94,156.0
5,95,306.0
5,96,129.0
5,97,298.0
5,98,262.0
5,99,286.0
5,100,338.0
5,101,271.0
5,102,271.0
5,103,261.0
5,104,271.0
5,105,273.0
5,106,270.0
5,107,253.0
5,108,271.0
5,109,313.0
5,110,253.0
5,111,315.0
5,112,1231.0
5,113,253.0
5,114,270.0
5,115,219.0
5,116,277.0
5,117,219.0
5,118,280.0
5,119,334.0
5,120,302.0
5,121,334.0
5,122,271.0
5,123,271.0
5,124,334.0
5,125,271.0
5,126,271.0
5,127,271.0
5,128,271.0
5,129,271.0
5,130,286.0
5,131,270.0
5,132,266.0
5,133,334.0
5,134,316.0
5,135,252.0
5,136,176.0
5,137,270.0
5,138,266.0
5,139,334.0
5,140,288.0
5,141,220.5
5,142,316.0
5,143,316.0
5,144,316.0
5,145,271.0
5,146,253.0
5,147,275.0
5,148,261.0
5,149,223.0
5,150,289.0
5,151,295.0
5,152,277.0
5,153,246.0
5,154,277.0
5,155,248.0
5,156,286.0
5,157,248.0
5,158,277.0
5,159,243.0
5,160,271.0
5,161,250.0
5,162,316.0
5,163,315.0
5,164,315.0
5,165,306.0
5,166,271.0
5,167,271.0
5,168,1978.0
5,169,1382.0
5,170,1360.0
5,171,1409.0
5,172,1368.0
5,173,1971.0
5,174,1427.0
5,175,1427.0
5,176,1427.0
5,177,253.0
5,178,12992.0
6,0,271.0
6,1,271.0
6,2,0.0
6,3,0.0
6,4,0.0
6,5,316.0
6,6,1279.0
6,7,0.0
6,8,271.0
6,9,0.0
6,10,271.0
6,11,271.0
6,12,271.0
6,13,295.0
6,14,271.0
6,15,271.0
6,16,207.0
6,17,259.0
6,18,295.0
6,19,271.0
6,20,284.0
6,21,300.0
6,22,311.0
6,23,320.0
6,24,271.0
6,25,318.0
6,26,320.0
6,27,320.0
6,28,284.0
6,29,334.0
6,30,318.0
6,31,313.0
6,32,297.0
6,33,1044.0
6,34,612.0
6,35,271.0
6,36,262.0
6,37,284.0
6,38,271.0
6,39,271.0
6,40,270.0
6,41,205.0
6,42,316.0
6,43,315.0
6,44,277.0
6,45,262.0
6,46,286.0
6,47,271.0
6,48,252.0
6,49,975.0
6,50,271.0
6,51,273.0
6,52,271.0
6,53,271.0
6,54,210.0
6,55,300.0
6,56,298.0
6,57,275.0
6,58,273.0
6,59,266.0
6,60,270.0
6,61,160.0
6,62,248.0
6,63,252.0
6,64,252.0
6,65,252.0
6,66,255.0
6,67,298.0
6,68,318.0
6,69,178.0
6,70,304.0
6,71,279.0
6,72,262.0
6,73,252.0
6,74,252.0
6,75,252.0
6,76,252.0
6,77,225.0
6,78,201.0
6,79,239.0
6,80,316.0
6,81,316.0
6,82,334.0
6,83,316.0
6,84,221.2
6,85,1236.0
6,86,534.0
6,87,1215.0
6,88,334.0
6,89,237.0
6,90,316.0
6,91,316.0
6,92,1234.0
6,93,183.0
6,94,156.0
6,95,306.0
6,96,129.0
6,97,298.0
6,98,262.0
6,99,286.0
6,100,338.0
6,101,271.0
6,102,271.0
6,103,261.0
6,104,271.0
6,105,273.0
6,106,270.0
6,107,253.0
6,108,271.0
6,109,313.0
6,110,253.0
6,111,315.0
6,112,1231.0
6,113,253.0
6,114,270.0
6,115,219.0
6,116,277.0
6,117,219.0
6,118,280.0
6,119,233.79999999999998
6,120,302.0
6,121,334.0
6,122,189.7
6,123,271.0
6,124,334.0
6,125,271.0
6,126,271.0
6,127,271.0
6,128,271.0
6,129,271.0
6,130,286.0
6,131,189.0
6,132,266.0
6,133,233.79999999999998
6,134,316.0
6,135,252.0
6,136,176.0
6,137,270.0
6,138,266.0
6,139,334.0
6,140,288.0
6,141,315.0
6,142,316.0
6,143,316.0
6,144,316.0
6,145,271.0
6,146,253.0
6,147,275.0
6,148,261.0
6,149,223.0
6,150,289.0
6,151,295.0
6,152,277.0
6,153,246.0
6,154,277.0
6,155,248.0
6,156,286.0
6,157,248.0
6,158,277.0
6,159,243.0
6,160,271.0
6,161,250.0
6,162,316.0
6,163,315.0
6,164,315.0
6,165,306.0
6,166,271.0
6,167,271.0
6,168,0.0
6,169,1382.0
6,170,1360.0
6,171,1409.0
6,172,1368.0
6,173,1971.0
6,174,1427.0
6,175,1427.0
6,176,1427.0
6,177,253.0
6,178,12992.0
7,0,271.0
7,1,271.0
7,2,0.0
7,3,0.0
7,4,0.0
7,5,316.0
7,6,1279.0
7,7,0.0
7,8,271.0
7,9,0.0
7,10,271.0
7,11,271.0
7,12,271.0
7,13,295.0
7,14,271.0
7,15,271.0
7,16,207.0
7,17,259.0
7,18,295.0
7,19,271.0
7,20,284.0
7,21,300.0
7,22,311.0
7,23,320.0
7,24,271.0
7,25,318.0
7,26,320.0
7,27,320.0
7,28,284.0
7,29,334.0
7,30,318.0
7,31,313.0
7,32,297.0
7,33,1044.0
7,34,612.0
7,35,271.0
7,36,262.0
7,37,284.0
7,38,271.0
7,39,271.0
7,40,270.0
7,41,205.0
7,42,316.0
7,43,315.0
7,44,277.0
7,45,262.0
7,46,286.0
7,47,271.0
7,48,252.0
7,49,975.0
7,50,271.0
7,51,273.0
7,52,271.0
7,53,271.0
7,54,210.0
7,55,300.0
7,56,298.0
7,57,275.0
7,58,273.0
7,59,266.0
7,60,270.0
7,61,160.0
7,62,248.0
7,63,252.0
7,64,252.0
7,65,252.0
7,66,255.0
7,67,298.0
7,68,318.0
7,69,178.0
7,70,304.0
7,71,279.0
7,72,262.0
7,73,252.0
7,74,252.0
7,75,252.0
7,76,252.0
7,77,225.0
7,78,201.0
7,79,239.0
7,80,316.0
7,81,316.0
7,82,334.0
7,83,316.0
7,84,316.0
7,85,1236.0
7,86,534.0
7,87,1215.0
7,88,334.0
7,89,237.0
7,90,316.0
7,91,316.0
7,92,1234.0
7,93,183.0
7,94,156.0
7,95,306.0
7,96,129.0
7,97,298.0
7,98,262.0
7,99,286.0
7,100,338.0
7,101,271.0
7,102,271.0
7,103,261.0
7,104,271.0
7,105,273.0
7,106,270.0
7,107,253.0
7,108,271.0
7,109,313.0
7,110,253.0
7,111,315.0
7,112,1231.0
7,113,253.0
7,114,270.0
7,115,219.0
7,116,277.0
7,117,219.0
7,118,280.0
7,119,334.0
7,120,302.0
7,121,334.0
7,122,271.0
7,123,271.0
7,124,334.0
7,125,271.0
7,126,271.0
7,127,271.0
7,128,271.0
7,129,271.0
7,130,286.0
7,131,270.0
7,132,266.0
7,133,334.0
7,134,316.0
7,135,252.0
7,136,176.0
7,137,270.0
7,138,266.0
7,139,334.0
7,140,288.0
7,141,315.0
7,142,316.0
7,143,316.0
7,144,316.0
7,145,271.0
7,146,253.0
7,147,275.0
7,148,261.0
7,149,223.0
7,150,289.0
7,151,295.0
7,152,277.0
7,153,246.0
7,154,277.0
7,155,248.0
7,156,286.0
7,157,248.0
7,158,277.0
7,159,243.0
7,160,271.0
7,161,250.0
7,162,316.0
7,163,315.0
7,164,315.0
7,165,306.0
7,166,271.0
7,167,271.0
7,168,0.0
7,169,1382.0
7,170,1360.0
7,171,1409.0
7,172,1368.0
7,173,1971.0
7,174,1427.0
7,175,1427.0
7,176,1427.0
7,177,253.0
7,178,12992.0
8,0,271.0
8,1,271.0
8,2,0.0
8,3,0.0
8,4,0.0
8,5,316.0
8,6,1279.0
8,7,0.0
8,8,271.0
8,9,0.0
8,10,271.0
8,11,271.0
8,12,271.0
8,13,295.0
8,14,271.0
8,15,271.0
8,16,207.0
8,17,259.0
8,18,295.0
8,19,271.0
8,20,284.0
8,21,300.0
8,22,311.0
8,23,320.0
8,24,271.0
8,25,318.0
8,26,320.0
8,27,320.0
8,28,284.0
8,29,334.0
8,30,318.0
8,31,313.0
8,32,297.0
8,33,1044.0
8,34,612.0
8,35,271.0
8,36,262.0
8,37,284.0
8,38,271.0
8,39,271.0
8,40,270.0
8,41,205.0
8,42,316.0
8,43,315.0
8,44,193.89999999999998
8,45,262.0
8,46,286.0
8,47,271.0
8,48,252.0
8,49,975.0
8,50,271.0
8,51,191.1
8,52,271.0
8,53,271.0
8,54,210.0
8,55,300.0
8,56,298.0
8,57,275.0
8,58,273.0
8,59,266.0
8,60,270.0
8,61,160.0
8,62,248.0
8,63,252.0
8,64,252.0
8,65,252.0
8,66,255.0
8,67,298.0
8,68,318.0
8,69,178.0
8,70,304.0
8,71,279.0
8,72,262.0
8,73,252.0
8,74,252.0
8,75,252.0
8,76,252.0
8,77,225.0
8,78,201.0
8,79,239.0
8,80,316.0
8,81,316.0
8,82,334.0
8,83,316.0
8,84,316.0
8,85,1236.0
8,86,534.0
8,87,1215.0
8,88,334.0
8,89,237.0
8,90,316.0
8,91,316.0
8,92,1234.0
8,93,183.0
8,94,156.0
8,95,306.0
8,96,129.0
8,97,298.0
8,98,262.0
8,99,286.0
8,100,338.0
8,101,271.0
8,102,271.0
8,103,261.0
8,104,271.0
8,105,273.0
8,106,270.0
8,107,253.0
8,108,271.0
8,109,313.0
8,110,253.0
8,111,315.0
8,112,1231.0
8,113,253.0
8,114,270.0
8,115,219.0
8,116,277.0
8,117,219.0
8,118,280.0
8,119,334.0
8,120,302.0
8,121,334.0
8,122,271.0
8,123,271.0
8,124,334.0
8,125,271.0
8,126,271.0
8,127,271.0
8,128,271.0
8,129,271.0
8,130,286.0
8,131,270.0
8,132,266.0
8,133,334.0
8,134,316.0
8,135,252.0
8,136,176.0
8,137,270.0
8,138,266.0
8,139,334.0
8,140,288.0
8,141,315.0
8,142,316.0
8,143,316.0
8,144,316.0
8,145,271.0
8,146,253.0
8,147,275.0
8,148,261.0
8,149,223.0
8,150,289.0
8,151,295.0
8,152,277.0
8,153,246.0
8,154,277.0
8,155,248.0
8,156,286.0
8,157,248.0
8,158,277.0
8,159,243.0
8,160,271.0
8,161,250.0
8,162,316.0
8,163,315.0
8,164,315.0
8,165,306.0
8,166,271.0
8,167,189.7
8,168,0.0
8,169,1382.0
8,170,1360.0
8,171,1409.0
8,172,1368.0
8,173,1971.0
8,174,1427.0
8,175,1427.0
8,176,1427.0
8,177,253.0
8,178,12992.0
9,0,271.0
9,1,271.0
9,2,0.0
9,3,0.0
9,4,0.0
9,5,316.0
9,6,1279.0
9,7,0.0
9,8,271.0
9,9,0.0
9,10,271.0
9,11,271.0
9,12,271.0
9,13,295.0
9,14,271.0
9,15,271.0
9,16,207.0
9,17,259.0
9,18,295.0
9,19,271.0
9,20,284.0
9,21,300.0
9,22,311.0
9,23,320.0
9,24,271.0
9,25,318.0
9,26,320.0
9,27,320.0
9,28,284.0
9,29,334.0
9,30,318.0
9,31,313.0
9,32,297.0
9,33,1044.0
9,34,612.0
9,35,271.0
9,36,262.0
9,37,284.0
9,38,271.0
9,39,271.0
9,40,270.0
9,41,205.0
9,42,316.0
9,43,315.0
9,44,277.0
9,45,262.0
9,46,286.0
9,47,271.0
9,48,252.0
9,49,975.0
9,50,271.0
9,51,273.0
9,52,271.0
9,53,271.0
9,54,210.0
9,55,300.0
9,56,298.0
9,57,275.0
9,58,273.0
9,59,266.0
9,60,270.0
9,61,160.0
9,62,248.0
9,63,252.0
9,64,252.0
9,65,252.0
9,66,255.0
9,67,298.0
9,68,318.0
9,69,178.0
9,70,304.0
9,71,279.0
9,72,262.0
9,73,176.39999999999998
9,74,252.0
9,75,252.0
9,76,252.0
9,77,225.0
9,78,201.0
9,79,239.0
9,80,316.0
9,81,316.0
9,82,334.0
9,83,316.0
9,84,316.0
9,85,1236.0
9,86,534.0
9,87,1215.0
9,88,334.0
9,89,237.0
9,90,316.0
9,91,316.0
9,92,1234.0
9,93,183.0
9,94,156.0
9,95,306.0
9,96,129.0
9,97,298.0
9,98,262.0
9,99,286.0
9,100,338.0
9,101,271.0
9,102,271.0
9,103,261.0
9,104,271.0
9,105,273.0
9,106,270.0
9,107,253.0
9,108,271.0
9,109,313.0
9,110,253.0
9,111,220.5
9,112,1231.0
9,113,253.0
9,114,270.0
9,115,219.0
9,116,277.0
9,117,219.0
9,118,280.0
9,119,334.0
9,120,302.0
9,121,334.0
9,122,271.0
9,123,271.0
9,124,334.0
9,125,271.0
9,126,271.0
9,127,189.7
9,128,271.0
9,129,271.0
9,130,286.0
9,131,270.0
9,132,266.0
9,133,334.0
9,134,316.0
9,135,252.0
9,136,176.0
9,137,270.0
9,138,266.0
9,139,334.0
9,140,288.0
9,141,315.0
9,142,316.0
9,143,316.0
9,144,316.0
9,145,271.0
9,146,253.0
9,147,275.0
9,148,261.0
9,149,223.0
9,150,289.0
9,151,295.0
9,152,277.0
9,153,246.0
9,154,277.0
9,155,248.0
9,156,286.0
9,157,248.0
9,158,277.0
9,159,243.0
9,160,271.0
9,161,250.0
9,162,316.0
9,163,315.0
9,164,315.0
9,165,306.0
9,166,271.0
9,167,271.0
9,168,0.0
9,169,1382.0
9,170,1360.0
9,171,1409.0
9,172,1368.0
9,173,1971.0
9,174,1427.0
9,175,1427.0
9,176,1427.0
9,177,253.0
9,178,12992.0
10,0,271.0
10,1,271.0
10,2,316.0
10,3,315.0
10,4,316.0
10,5,316.0
10,6,1279.0
10,7,1278.0
10,8,271.0
10,9,273.0
10,10,271.0
10,11,271.0
10,12,271.0
10,13,295.0
10,14,271.0
10,15,271.0
10,16,207.0
10,17,259.0
10,18,295.0
10,19,271.0
10,20,284.0
10,21,300.0
10,22,311.0
10,23,320.0
10,24,271.0
10,25,222.6
10,26,320.0
10,27,320.0
10,28,284.0
10,29,334.0
10,30,318.0
10,31,313.0
10,32,297.0
10,33,1044.0
10,34,612.0
10,35,271.0
10,36,262.0
10,37,284.0
10,38,271.0
10,39,271.0
10,40,270.0
10,41,205.0
10,42,316.0
10,43,315.0
10,44,277.0
10,45,262.0
10,46,286.0
10,47,271.0
10,48,252.0
10,49,975.0
10,50,271.0
10,51,273.0
10,52,271.0
10,53,271.0
10,54,210.0
10,55,300.0
10,56,298.0
10,57,275.0
10,58,273.0
10,59,266.0
10,60,270.0
10,61,160.0
10,62,248.0
10,63,252.0
10,64,252.0
10,65,252.0
10,66,255.0
10,67,298.0
10,68,318.0
10,69,178.0
10,70,304.0
10,71,279.0
10,72,262.0
10,73,252.0
10,74,252.0
10,75,252.0
10,76,252.0
10,77,225.0
10,78,201.0
10,79,239.0
10,80,316.0
10,81,316.0
10,82,334.0
10,83,316.0
10,84,316.0
10,85,1236.0
10,86,534.0
10,87,1215.0
10,88,334.0
10,89,237.0
10,90,316.0
10,91,316.0
10,92,1234.0
10,93,183.0
10,94,109.19999999999999
10,95,214.2
10,96,129.0
10,97,298.0
10,98,262.0
10,99,286.0
10,100,338.0
10,101,271.0
10,102,271.0
10,103,261.0
10,104,271.0
10,105,273.0
10,106,270.0
10,107,253.0
10,108,271.0
10,109,313.0
10,110,253.0
10,111,315.0
10,112,1231.0
10,113,253.0
10,114,270.0
10,115,219.0
10,116,277.0
10,117,219.0
10,118,280.0
10,119,334.0
10,120,302.0
10,121,334.0
10,122,271.0
10,123,189.7
10,124,334.0
10,125,271.0
10,126,271.0
10,127,271.0
10,128,271.0
10,129,189.7
10,130,286.0
10,131,270.0
10,132,266.0
10,133,334.0
10,134,316.0
10,135,252.0
10,136,176.0
10,137,270.0
10,138,266.0
10,139,334.0
10,140,288.0
10,141,315.0
10,142,316.0
10,143,316.0
10,144,316.0
10,145,271.0
10,146,253.0
10,147,275.0
10,148,261.0
10,149,223.0
10,150,289.0
10,151,295.0
10,152,277.0
10,153,246.0
10,154,277.0
10,155,248.0
10,156,286.0
10,157,248.0
10,158,277.0
10,159,243.0
10,160,271.0
10,161,250.0
10,162,316.0
10,163,315.0
10,164,315.0
10,165,306.0
10,166,271.0
10,167,271.0
10,168,1978.0
10,169,1382.0
10,170,1360.0
10,171,1409.0
10,172,1368.0
10,173,1971.0
10,174,1427.0
10,175,1427.0
10,176,1427.0
10,177,253.0
10,178,12992.0
11,0,271.0
11,1,271.0
11,2,316.0
11,3,315.0
11,4,316.0
11,5,316.0
11,6,1279.0
11,7,1278.0
11,8,271.0
11,9,273.0
11,10,271.0
11,11,271.0
11,12,271.0
11,13,295.0
11,14,271.0
11,15,271.0
11,16,207.0
11,17,259.0
11,18,295.0
11,19,271.0
11,20,284.0
11,21,300.0
11,22,311.0
11,23,320.0
11,24,271.0
11,25,318.0
11,26,320.0
11,27,320.0
11,28,284.0
11,29,334.0
11,30,318.0
11,31,313.0
11,32,297.0
11,33,1044.0
11,34,612.0
11,35,271.0
11,36,262.0
11,37,284.0
11,38,271.0
11,39,271.0
11,40,270.0
11,41,205.0
11,42,316.0
11,43,315.0
11,44,277.0
11,45,262.0
11,46,286.0
11,47,271.0
11,48,252.0
11,49,975.0
11,50,271.0
11,51,273.0
11,52,271.0
11,53,271.0
11,54,210.0
11,55,300.0
11,56,298.0
11,57,275.0
11,58,273.0
11,59,266.0
11,60,270.0
11,61,160.0
11,62,248.0
11,63,252.0
11,64,252.0
11,65,252.0
11,66,255.0
11,67,298.0
11,68,318.0
11,69,178.0
11,70,304.0
11,71,279.0
11,72,262.0
11,73,252.0
11,74,252.0
11,75,252.0
11,76,252.0
11,77,225.0
11,78,201.0
11,79,239.0
11,80,316.0
11,81,316.0
11,82,334.0
11,83,221.2
11,84,316.0
11,85,1236.0
11,86,534.0
11,87,1215.0
11,88,334.0
11,89,237.0
11,90,316.0
11,91,316.0
11,92,863.8
11,93,183.0
11,94,156.0
11,95,306.0
11,96,129.0
11,97,298.0
11,98,262.0
11,99,286.0
11,100,338.0
11,101,271.0
11,102,271.0
11,103,261.0
11,104,271.0
11,105,273.0
11,106,270.0
11,107,253.0
11,108,271.0
11,109,313.0
11,110,253.0
11,111,315.0
11,112,1231.0
11,113,253.0
11,114,270.0
11,115,219.0
11,116,277.0
11,117,219.0
11,118,280.0
11,119,334.0
11,120,302.0
11,121,334.0
11,122,271.0
11,123,271.0
11,124,334.0
11,125,271.0
11,126,271.0
11,127,271.0
11,128,271.0
11,129,271.0
11,130,286.0
11,131,270.0
11,132,266.0
11,133,334.0
11,134,316.0
11,135,252.0
11,136,176.0
11,137,270.0
11,138,266.0
11,139,334.0
11,140,288.0
11,141,315.0
11,142,316.0
11,143,316.0
11,144,316.0
11,145,271.0
11,146,253.0
11,147,275.0
11,148,261.0
11,149,223.0
11,150,289.0
11,151,295.0
11,152,277.0
11,153,246.0
11,154,277.0
11,155,248.0
11,156,286.0
11,157,248.0
11,158,277.0
11,159,243.0
11,160,271.0
11,161,250.0
11,162,316.0
11,163,315.0
11,164,315.0
11,165,306.0
11,166,271.0
11,167,271.0
11,168,1978.0
11,169,1382.0
11,170,1360.0
11,171,1409.0
11,172,1368.0
11,173,1971.0
11,174,1427.0
11,175,1427.0
11,176,1427.0
11,177,177.1
11,178,12992.0
12,0,271.0
12,1,271.0
12,2,316.0
12,3,315.0
12,4,316.0
12,5,316.0
12,6,1279.0
12,7,1278.0
12,8,189.7
12,9,273.0
12,10,271.0
12,11,271.0
12,12,271.0
12,13,295.0
12,14,271.0
12,15,271.0
12,16,207.0
12,17,259.0
12,18,295.0
12,19,271.0
12,20,284.0
12,21,300.0
12,22,311.0
12,23,320.0
12,24,271.0
12,25,318.0
12,26,320.0
12,27,320.0
12,28,284.0
12,29,334.0
12,30,318.0
12,31,313.0
12,32,297.0
12,33,1044.0
12,34,612.0
12,35,271.0
12,36,262.0
12,37,284.0
12,38,271.0
12,39,271.0
12,40,270.0
12,41,205.0
12,42,316.0
12,43,315.0
12,44,277.0
12,45,262.0
12,46,286.0
12,47,271.0
12,48,252.0
12,49,975.0
12,50,271.0
12,51,273.0
12,52,271.0
12,53,271.0
12,54,210.0
12,55,300.0
12,56,298.0
12,57,275.0
12,58,273.0
12,59,266.0
12,60,270.0
12,61,160.0
12,62,248.0
12,63,252.0
12,64,252.0
12,65,252.0
12,66,255.0
12,67,298.0
12,68,318.0
12,69,178.0
12,70,304.0
12,71,279.0
12,72,262.0
12,73,252.0
12,74,252.0
12,75,252.0
12,76,252.0
12,77,225.0
12,78,201.0
12,79,239.0
12,80,316.0
12,81,316.0
12,82,334.0
12,83,316.0
12,84,316.0
12,85,1236.0
12,86,534.0
12,87,1215.0
12,88,334.0
12,89,237.0
12,90,316.0
12,91,316.0
12,92,1234.0
12,93,183.0
12,94,156.0
12,95,306.0
12,96,129.0
12,97,298.0
12,98,262.0
12,99,286.0
12,100,338.0
12,101,271.0
12,102,271.0
12,103,261.0
12,104,271.0
12,105,273.0
12,106,270.0
12,107,253.0
12,108,271.0
12,109,313.0
12,110,253.0
12,111,315.0
12,112,1231.0
12,113,253.0
12,114,270.0
12,115,219.0
12,116,277.0
12,117,219.0
12,118,280.0
12,119,334.0
12,120,302.0
12,121,334.0
12,122,271.0
12,123,271.0
12,124,334.0
12,125,271.0
12,126,271.0
12,127,271.0
12,128,271.0
12,129,271.0
12,130,286.0
12,131,270.0
12,132,266.0
12,133,334.0
12,134,316.0
12,135,252.0
12,136,176.0
12,137,270.0
12,138,266.0
12,139,334.0
12,140,288.0
12,141,315.0
12,142,316.0
12,143,316.0
12,144,316.0
12,145,271.0
12,146,253.0
12,147,275.0
12,148,182.7
12,149,223.0
12,150,289.0
12,151,295.0
12,152,277.0
12,153,246.0
12,154,277.0
12,155,248.0
12,156,286.0
12,157,248.0
12,158,277.0
12,159,243.0
12,160,271.0
12,161,250.0
12,162,316.0
12,163,315.0
12,164,315.0
12,165,306.0
12,166,271.0
12,167,271.0
12,168,1978.0
12,169,1382.0
12,170,1360.0
12,171,1409.0
12,172,1368.0
12,173,1971.0
12,174,1427.0
12,175,1427.0
12,176,1427.0
12,177,253.0
12,178,12992.0
13,0,189.7
13,1,271.0
13,2,316.0
13,3,315.0
13,4,316.0
13,5,316.0
13,6,1279.0
13,7,1278.0
13,8,271.0
13,9,273.0
13,10,271.0
13,11,271.0
13,12,271.0
13,13,295.0
13,14,271.0
13,15,271.0
13,16,207.0
13,17,259.0
13,18,295.0
13,19,271.0
13,20,284.0
13,21,300.0
13,22,311.0
13,23,320.0
13,24,189.7
13,25,318.0
13,26,320.0
13,27,320.0
13,28,284.0
13,29,334.0
13,30,318.0
13,31,313.0
13,32,207.89999999999998
13,33,1044.0
13,34,612.0
13,35,271.0
13,36,262.0
13,37,284.0
13,38,271.0
13,39,271.0
13,40,270.0
13,41,205.0
13,42,316.0
13,43,315.0
13,44,277.0
13,45,262.0
13,46,286.0
13,47,271.0
13,48,252.0
13,49,975.0
13,50,271.0
13,51,273.0
13,52,271.0
13,53,271.0
13,54,210.0
13,55,300.0
13,56,298.0
13,57,275.0
13,58,273.0
13,59,266.0
13,60,270.0
13,61,160.0
13,62,248.0
13,63,252.0
13,64,252.0
13,65,252.0
13,66,255.0
13,67,298.0
13,68,318.0
13,69,178.0
13,70,304.0
13,71,279.0
13,72,262.0
13,73,252.0
13,74,252.0
13,75,252.0
13,76,252.0
13,77,225.0
13,78,201.0
13,79,239.0
13,80,316.0
13,81,316.0
13,82,334.0
13,83,316.0
13,84,316.0
13,85,1236.0
13,86,534.0
13,87,1215.0
13,88,334.0
13,89,237.0
13,90,316.0
13,91,316.0
13,92,1234.0
13,93,183.0
13,94,156.0
13,95,306.0
13,96,129.0
13,97,298.0
13,98,262.0
13,99,286.0
13,100,338.0
13,101,271.0
13,102,271.0
13,103,261.0
13,104,271.0
13,105,273.0
13,106,270.0
13,107,253.0
13,108,271.0
13,109,313.0
13,110,253.0
13,111,315.0
13,112,1231.0
13,113,253.0
13,114,270.0
13,115,219.0
13,116,193.89999999999998
13,117,219.0
13,118,280.0
13,119,334.0
13,120,302.0
13,121,334.0
13,122,271.0
13,123,271.0
13,124,334.0
13,125,271.0
13,126,271.0
13,127,271.0
13,128,271.0
13,129,271.0
13,130,286.0
13,131,270.0
13,132,266.0
13,133,334.0
13,134,316.0
13,135,252.0
13,136,176.0
13,137,270.0
13,138,266.0
13,139,334.0
13,140,288.0
13,141,315.0
13,142,316.0
13,143,316.0
13,144,316.0
13,145,271.0
13,146,253.0
13,147,275.0
13,148,261.0
13,149,223.0
13,150,289.0
13,151,295.0
13,152,277.0
13,153,246.0
13,154,277.0
13,155,248.0
13,156,286.0
13,157,248.0
13,158,277.0
13,159,243.0
13,160,271.0
13,161,250.0
13,162,316.0
13,163,315.0
13,164,315.0
13,165,306.0
13,166,271.0
13,167,271.0
13,168,1978.0
13,169,1382.0
13,170,1360.0
13,171,1409.0
13,172,1368.0
13,173,1971.0
13,174,1427.0
13,175,1427.0
13,176,1427.0
13,177,253.0
13,178,12992.0
14,0,271.0
14,1,271.0
14,2,316.0
14,3,315.0
14,4,316.0
14,5,316.0
14,6,1279.0
14,7,1278.0
14,8,271.0
14,9,273.0
14,10,271.0
14,11,271.0
14,12,189.7
14,13,295.0
14,14,271.0
14,15,271.0
14,16,207.0
14,17,259.0
14,18,295.0
14,19,189.7
14,20,284.0
14,21,300.0
14,22,311.0
14,23,320.0
14,24,271.0
14,25,318.0
14,26,320.0
14,27,320.0
14,28,284.0
14,29,334.0
14,30,318.0
14,31,313.0
14,32,297.0
14,33,1044.0
14,34,612.0
14,35,271.0
14,36,262.0
14,37,284.0
14,38,271.0
14,39,271.0
14,40,270.0
14,41,205.0
14,42,316.0
14,43,315.0
14,44,277.0
14,45,262.0
14,46,200.2
14,47,271.0
14,48,252.0
14,49,975.0
14,50,271.0
14,51,273.0
14,52,271.0
14,53,271.0
14,54,210.0
14,55,300.0
14,56,298.0
14,57,275.0
14,58,273.0
14,59,266.0
14,60,270.0
14,61,160.0
14,62,248.0
14,63,252.0
14,64,252.0
14,65,252.0
14,66,255.0
14,67,298.0
14,68,318.0
14,69,178.0
14,70,304.0
14,71,279.0
14,72,262.0
14,73,252.0
14,74,252.0
14,75,252.0
14,76,252.0
14,77,225.0
14,78,201.0
14,79,239.0
14,80,316.0
14,81,316.0
14,82,334.0
14,83,316.0
14,84,316.0
14,85,1236.0
14,86,534.0
14,87,1215.0
14,88,334.0
14,89,237.0
14,90,316.0
14,91,316.0
14,92,863.8
14,93,183.0
14,94,156.0
14,95,306.0
14,96,129.0
14,97,298.0
14,98,262.0
14,99,286.0
14,100,338.0
14,101,271.0
14,102,271.0
14,103,261.0
14,104,271.0
14,105,273.0
14,106,270.0
14,107,253.0
14,108,271.0
14,109,313.0
14,110,253.0
14,111,315.0
14,112,1231.0
14,113,253.0
14,114,270.0
14,115,219.0
14,116,277.0
14,117,219.0
14,118,280.0
14,119,334.0
14,120,302.0
14,121,334.0
14,122,271.0
14,123,271.0
14,124,334.0
14,125,271.0
14,126,271.0
14,127,271.0
14,128,271.0
14,129,271.0
14,130,286.0
14,131,270.0
14,132,266.0
14,133,334.0
14,134,316.0
14,135,252.0
14,136,176.0
14,137,270.0
14,138,266.0
14,139,334.0
14,140,288.0
14,141,315.0
14,142,316.0
14,143,316.0
14,144,316.0
14,145,271.0
14,146,253.0
14,147,275.0
14,148,261.0
14,149,223.0
14,150,289.0
14,151,295.0
14,152,277.0
14,153,246.0
14,154,277.0
14,155,248.0
14,156,286.0
14,157,248.0
14,158,277.0
14,159,243.0
14,160,271.0
14,161,250.0
14,162,316.0
14,163,315.0
14,164,315.0
14,165,306.0
14,166,271.0
14,167,271.0
14,168,1978.0
14,169,1382.0
14,170,1360.0
14,171,1409.0
14,172,1368.0
14,173,1971.0
14,174,1427.0
14,175,1427.0
14,176,1427.0
14,177,253.0
14,178,12992.0
15,0,271.0
15,1,271.0
15,2,316.0
15,3,315.0
15,4,316.0
15,5,316.0
15,6,1279.0
15,7,1278.0
15,8,271.0
15,9,273.0
15,10,271.0
15,11,271.0
15,12,271.0
15,13,295.0
15,14,271.0
15,15,271.0
15,16,207.0
15,17,259.0
15,18,295.0
15,19,271.0
15,20,284.0
15,21,300.0
15,22,311.0
15,23,320.0
15,24,271.0
15,25,318.0
15,26,320.0
15,27,320.0
15,28,284.0
15,29,334.0
15,30,318.0
15,31,313.0
15,32,297.0
15,33,1044.0
15,34,612.0
15,35,271.0
15,36,262.0
15,37,284.0
15,38,271.0
15,39,271.0
15,40,270.0
15,41,205.0
15,42,316.0
15,43,315.0
15,44,277.0
15,45,262.0
15,46,286.0
15,47,271.0
15,48,252.0
15,49,975.0
15,50,271.0
15,51,273.0
15,52,271.0
15,53,189.7
15,54,210.0
15,55,300.0
15,56,298.0
15,57,275.0
15,58,273.0
15,59,266.0
15,60,270.0
15,61,160.0
15,62,248.0
15,63,252.0
15,64,252.0
15,65,252.0
15,66,255.0
15,67,298.0
15,68,318.0
15,69,178.0
15,70,212.79999999999998
15,71,279.0
15,72,262.0
15,73,252.0
15,74,252.0
15,75,252.0
15,76,252.0
15,77,225.0
15,78,201.0
15,79,239.0
15,80,316.0
15,81,316.0
15,82,334.0
15,83,316.0
15,84,316.0
15,85,1236.0
15,86,534.0
15,87,850.5
15,88,334.0
15,89,237.0
15,90,316.0
15,91,316.0
15,92,1234.0
15,93,183.0
15,94,156.0
15,95,214.2
15,96,90.3
15,97,298.0
15,98,262.0
15,99,286.0
15,100,338.0
15,101,271.0
15,102,271.0
15,103,261.0
15,104,271.0
15,105,273.0
15,106,270.0
15,107,253.0
15,108,271.0
15,109,313.0
15,110,253.0
15,111,315.0
15,112,1231.0
15,113,253.0
15,114,270.0
15,115,219.0
15,116,277.0
15,117,219.0
15,118,280.0
15,119,334.0
15,120,302.0
15,121,334.0
15,122,271.0
15,123,271.0
15,124,334.0
15,125,271.0
15,126,271.0
15,127,271.0
15,128,271.0
15,129,271.0
15,130,286.0
15,131,270.0
15,132,266.0
15,133,334.0
15,134,316.0
15,135,252.0
15,136,176.0
15,137,270.0
15,138,266.0
15,139,334.0
15,140,288.0
15,141,315.0
15,142,316.0
15,143,316.0
15,144,316.0
15,145,271.0
15,146,253.0
15,147,275.0
15,148,261.0
15,149,223.0
15,150,289.0
15,151,295.0
15,152,277.0
15,153,246.0
15,154,277.0
15,155,248.0
15,156,286.0
15,157,248.0
15,158,277.0
15,159,243.0
15,160,271.0
15,161,250.0
15,162,316.0
15,163,315.0
15,164,315.0
15,165,306.0
15,166,271.0
15,167,271.0
15,168,1978.0
15,169,1382.0
15,170,1360.0
15,171,1409.0
15,172,1368.0
15,173,1971.0
15,174,1427.0
15,175,998.9
15,176,1427.0
15,177,253.0
15,178,12992.0
16,0,271.0
16,1,271.0
16,2,316.0
16,3,315.0
16,4,316.0
16,5,316.0
16,6,1279.0
16,7,1278.0
16,8,271.0
16,9,273.0
16,10,271.0
16,11,271.0
16,12,271.0
16,13,295.0
16,14,271.0
16,15,271.0
16,16,207.0
16,17,259.0
16,18,295.0
16,19,271.0
16,20,284.0
16,21,300.0
16,22,311.0
16,23,320.0
16,24,271.0
16,25,318.0
16,26,320.0
16,27,320.0
16,28,284.0
16,29,334.0
16,30,318.0
16,31,313.0
16,32,297.0
16,33,1044.0
16,34,612.0
16,35,271.0
16,36,262.0
16,37,284.0
16,38,271.0
16,39,271.0
16,40,270.0
16,41,205.0
16,42,316.0
16,43,315.0
16,44,277.0
16,45,262.0
16,46,286.0
16,47,271.0
16,48,252.0
16,49,975.0
16,50,271.0
16,51,273.0
16,52,271.0
16,53,271.0
16,54,210.0
16,55,300.0
16,56,298.0
16,57,275.0
16,58,273.0
16,59,266.0
16,60,270.0
16,61,160.0
16,62,248.0
16,63,252.0
16,64,252.0
16,65,252.0
16,66,255.0
16,67,298.0
16,68,318.0
16,69,178.0
16,70,304.0
16,71,279.0
16,72,262.0
16,73,252.0
16,74,252.0
16,75,252.0
16,76,252.0
16,77,225.0
16,78,201.0
16,79,167.29999999999998
16,80,316.0
16,81,316.0
16,82,334.0
16,83,316.0
16,84,316.0
16,85,1236.0
16,86,534.0
16,87,1215.0
16,88,334.0
16,89,237.0
16,90,316.0
16,91,316.0
16,92,1234.0
16,93,183.0
16,94,156.0
16,95,306.0
16,96,129.0
16,97,298.0
16,98,262.0
16,99,286.0
16,100,338.0
16,101,271.0
16,102,271.0
16,103,261.0
16,104,271.0
16,105,273.0
16,106,270.0
16,107,253.0
16,108,271.0
16,109,313.0
16,110,253.0
16,111,315.0
16,112,1231.0
16,113,253.0
16,114,270.0
16,115,219.0
16,116,277.0
16,117,219.0
16,118,280.0
16,119,334.0
16,120,302.0
16,121,334.0
16,122,271.0
16,123,271.0
16,124,334.0
16,125,271.0
16,126,271.0
16,127,271.0
16,128,271.0
16,129,271.0
16,130,286.0
16,131,270.0
16,132,266.0
16,133,334.0
16,134,316.0
16,135,252.0
16,136,176.0
16,137,270.0
16,138,266.0
16,139,334.0
16,140,288.0
16,141,315.0
16,142,316.0
16,143,316.0
16,144,316.0
16,145,271.0
16,146,253.0
16,147,275.0
16,148,261.0
16,149,223.0
16,150,289.0
16,151,295.0
16,152,277.0
16,153,246.0
16,154,277.0
16,155,248.0
16,156,286.0
16,157,248.0
16,158,277.0
16,159,243.0
16,160,271.0
16,161,175.0
16,162,316.0
16,163,220.5
16,164,315.0
16,165,306.0
16,166,271.0
16,167,271.0
16,168,1978.0
16,169,1382.0
16,170,1360.0
16,171,1409.0
16,172,1368.0
16,173,1971.0
16,174,1427.0
16,175,1427.0
16,176,1427.0
16,177,253.0
16,178,12992.0
17,0,271.0
17,1,271.0
17,2,316.0
17,3,315.0
17,4,316.0
17,5,316.0
17,6,1279.0
17,7,1278.0
17,8,271.0
17,9,273.0
17,10,189.7
17,11,271.0
17,12,271.0
17,13,295.0
17,14,271.0
17,15,271.0
17,16,207.0
17,17,259.0
17,18,295.0
17,19,271.0
17,20,284.0
17,21,300.0
17,22,311.0
17,23,320.0
17,24,189.7
17,25,318.0
17,26,320.0
17,27,320.0
17,28,284.0
17,29,334.0
17,30,318.0
17,31,313.0
17,32,297.0
17,33,1044.0
17,34,612.0
17,35,271.0
17,36,262.0
17,37,284.0
17,38,271.0
17,39,271.0
17,40,270.0
17,41,205.0
17,42,316.0
17,43,315.0
17,44,277.0
17,45,262.0
17,46,286.0
17,47,271.0
17,48,252.0
17,49,975.0
17,50,271.0
17,51,273.0
17,52,189.7
17,53,271.0
17,54,210.0
17,55,300.0
17,56,298.0
17,57,275.0
17,58,273.0
17,59,266.0
17,60,270.0
17,61,160.0
17,62,248.0
17,63,252.0
17,64,252.0
17,65,252.0
17,66,255.0
17,67,298.0
17,68,318.0
17,69,178.0
17,70,304.0
17,71,279.0
17,72,262.0
17,73,252.0
17,74,252.0
17,75,252.0
17,76,252.0
17,77,225.0
17,78,201.0
17,79,239.0
17,80,316.0
17,81,316.0
17,82,334.0
17,83,316.0
17,84,316.0
17,85,1236.0
17,86,534.0
17,87,1215.0
17,88,334.0
17,89,237.0
17,90,316.0
17,91,316.0
17,92,1234.0
17,93,183.0
17,94,156.0
17,95,306.0
17,96,129.0
17,97,298.0
17,98,262.0
17,99,286.0
17,100,338.0
17,101,271.0
17,102,271.0
17,103,261.0
17,104,271.0
17,105,273.0
17,106,270.0
17,107,253.0
17,108,271.0
17,109,313.0
17,110,253.0
17,111,315.0
17,112,1231.0
17,113,253.0
17,114,270.0
17,115,219.0
17,116,277.0
17,117,219.0
17,118,280.0
17,119,334.0
17,120,302.0
17,121,334.0
17,122,271.0
17,123,271.0
17,124,334.0
17,125,271.0
17,126,271.0
17,127,271.0
17,128,271.0
17,129,271.0
17,130,286.0
17,131,270.0
17,132,266.0
17,133,334.0
17,134,316.0
17,135,252.0
17,136,176.0
17,137,270.0
17,138,266.0
17,139,334.0
17,140,288.0
17,141,315.0
17,142,316.0
17,143,316.0
17,144,316.0
17,145,271.0
17,146,253.0
17,147,275.0
17,148,261.0
17,149,223.0
17,150,289.0
17,151,295.0
17,152,277.0
17,153,246.0
17,154,277.0
17,155,248.0
17,156,286.0
17,157,248.0
17,158,277.0
17,159,243.0
17,160,271.0
17,161,250.0
17,162,316.0
17,163,315.0
17,164,315.0
17,165,306.0
17,166,271.0
17,167,271.0
17,168,1978.0
17,169,1382.0
17,170,1360.0
17,171,1409.0
17,172,1368.0
17,173,1971.0
17,174,1427.0
17,175,1427.0
17,176,1427.0
17,177,253.0
17,178,12992.0
18,0,271.0
18,1,271.0
18,2,316.0
18,3,315.0
18,4,316.0
18,5,316.0
18,6,1279.0
18,7,1278.0
18,8,271.0
18,9,273.0
18,10,271.0
18,11,271.0
18,12,271.0
18,13,295.0
18,14,271.0
18,15,271.0
18,16,207.0
18,17,259.0
18,18,295.0
18,19,271.0
18,20,284.0
18,21,300.0
18,22,311.0
18,23,320.0
18,24,271.0
18,25,318.0
18,26,320.0
18,27,320.0
18,28,284.0
18,29,334.0
18,30,318.0
18,31,313.0
18,32,297.0
18,33,1044.0
18,34,612.0
18,35,271.0
18,36,262.0
18,37,284.0
18,38,271.0
18,39,271.0
18,40,270.0
18,41,205.0
18,42,316.0
18,43,315.0
18,44,277.0
18,45,262.0
18,46,286.0
18,47,271.0
18,48,252.0
18,49,975.0
18,50,271.0
18,51,273.0
18,52,271.0
18,53,271.0
18,54,210.0
18,55,300.0
18,56,298.0
18,57,275.0
18,58,273.0
18,59,266.0
18,60,270.0
18,61,160.0
18,62,248.0
18,63,252.0
18,64,252.0
18,65,252.0
18,66,255.0
18,67,298.0
18,68,318.0
18,69,178.0
18,70,304.0
18,71,279.0
18,72,262.0
18,73,252.0
18,74,252.0
18,75,252.0
18,76,252.0
18,77,225.0
18,78,201.0
18,79,239.0
18,80,316.0
18,81,316.0
18,82,334.0
18,83,316.0
18,84,316.0
18,85,1236.0
18,86,534.0
18,87,1215.0
18,88,334.0
18,89,165.89999999999998
18,90,316.0
18,91,316.0
18,92,1234.0
18,93,183.0
18,94,156.0
18,95,306.0
18,96,129.0
18,97,208.6
18,98,262.0
18,99,286.0
18,100,338.0
18,101,271.0
18,102,271.0
18,103,261.0
18,104,271.0
18,105,273.0
18,106,270.0
18,107,253.0
18,108,271.0
18,109,313.0
18,110,253.0
18,111,315.0
18,112,1231.0
18,113,253.0
18,114,270.0
18,115,219.0
18,116,277.0
18,117,219.0
18,118,280.0
18,119,334.0
18,120,302.0
18,121,334.0
18,122,271.0
18,123,271.0
18,124,334.0
18,125,271.0
18,126,271.0
18,127,271.0
18,128,271.0
18,129,271.0
18,130,286.0
18,131,270.0
18,132,266.0
18,133,334.0
18,134,316.0
18,135,252.0
18,136,176.0
18,137,270.0
18,138,266.0
18,139,233.79999999999998
18,140,288.0
18,141,315.0
18,142,316.0
18,143,316.0
18,144,316.0
18,145,271.0
18,146,253.0
18,147,275.0
18,148,261.0
18,149,223.0
18,150,289.0
18,151,295.0
18,152,277.0
18,153,246.0
18,154,277.0
18,155,248.0
18,156,286.0
18,157,248.0
18,158,277.0
18,159,243.0
18,160,271.0
18,161,175.0
18,162,316.0
18,163,315.0
18,164,315.0
18,165,306.0
18,166,271.0
18,167,271.0
18,168,1978.0
18,169,1382.0
18,170,1360.0
18,171,1409.0
18,172,1368.0
18,173,1971.0
18,174,1427.0
18,175,1427.0
18,176,1427.0
18,177,177.1
18,178,12992.0
19,0,271.0
19,1,271.0
19,2,0.0
19,3,0.0
19,4,0.0
19,5,316.0
19,6,1279.0
19,7,0.0
19,8,271.0
19,9,0.0
19,10,271.0
19,11,271.0
19,12,271.0
19,13,295.0
19,14,271.0
19,15,271.0
19,16,207.0
19,17,181.29999999999998
19,18,295.0
19,19,271.0
19,20,284.0
19,21,300.0
19,22,311.0
19,23,320.0
19,24,271.0
19,25,318.0
19,26,320.0
19,27,320.0
19,28,284.0
19,29,334.0
19,30,318.0
19,31,313.0
19,32,297.0
19,33,1044.0
19,34,612.0
19,35,271.0
19,36,262.0
19,37,284.0
19,38,271.0
19,39,271.0
19,40,270.0
19,41,205.0
19,42,316.0
19,43,220.5
19,44,277.0
19,45,262.0
19,46,286.0
19,47,271.0
19,48,252.0
19,49,975.0
19,50,271.0
19,51,273.0
19,52,271.0
19,53,271.0
19,54,210.0
19,55,300.0
19,56,298.0
19,57,275.0
19,58,273.0
19,59,266.0
19,60,270.0
19,61,160.0
19,62,248.0
19,63,252.0
19,64,252.0
19,65,252.0
19,66,255.0
19,67,298.0
19,68,318.0
19,69,178.0
19,70,304.0
19,71,279.0
19,72,262.0
19,73,252.0
19,74,252.0
19,75,252.0
19,76,252.0
19,77,225.0
19,78,201.0
19,79,239.0
19,80,316.0
19,81,316.0
19,82,334.0
19,83,316.0
19,84,316.0
19,85,1236.0
19,86,534.0
19,87,1215.0
19,88,334.0
19,89,237.0
19,90,316.0
19,91,316.0
19,92,1234.0
19,93,183.0
19,94,156.0
19,95,306.0
19,96,129.0
19,97,298.0
19,98,262.0
19,99,286.0
19,100,338.0
19,101,271.0
19,102,271.0
19,103,261.0
19,104,271.0
19,105,273.0
19,106,270.0
19,107,253.0
19,108,271.0
19,109,313.0
19,110,253.0
19,111,315.0
19,112,1231.0
19,113,253.0
19,114,270.0
19,115,219.0
19,116,277.0
19,117,219.0
19,118,280.0
19,119,334.0
19,120,302.0
19,121,334.0
19,122,271.0
19,123,271.0
19,124,334.0
19,125,271.0
19,126,271.0
19,127,271.0
19,128,271.0
19,129,271.0
19,130,286.0
19,131,270.0
19,132,266.0
19,133,334.0
19,134,316.0
19,135,252.0
19,136,176.0
19,137,270.0
19,138,266.0
19,139,334.0
19,140,288.0
19,141,315.0
19,142,316.0
19,143,316.0
19,144,316.0
19,145,271.0
19,146,253.0
19,147,275.0
19,148,261.0
19,149,223.0
19,150,289.0
19,151,295.0
19,152,277.0
19,153,246.0
19,154,277.0
19,155,173.6
19,156,286.0
19,157,248.0
19,158,277.0
19,159,243.0
19,160,271.0
19,161,250.0
19,162,316.0
19,163,315.0
19,164,315.0
19,165,306.0
19,166,271.0
19,167,271.0
19,168,0.0
19,169,1382.0
19,170,1360.0
19,171,1409.0
19,172,1368.0
19,173,1971.0
19,174,1427.0
19,175,1427.0
19,176,1427.0
19,177,253.0
19,178,12992.0
20,0,271.0
20,1,271.0
20,2,316.0
20,3,315.0
20,4,316.0
20,5,316.0
20,6,1279.0
20,7,894.5999999999999
20,8,271.0
20,9,273.0
20,10,271.0
20,11,271.0
20,12,271.0
20,13,295.0
20,14,271.0
20,15,271.0
20,16,207.0
20,17,259.0
20,18,295.0
20,19,271.0
20,20,284.0
20,21,300.0
20,22,311.0
20,23,320.0
20,24,271.0
20,25,318.0
20,26,320.0
20,27,320.0
20,28,284.0
20,29,334.0
20,30,318.0
20,31,313.0
20,32,297.0
20,33,1044.0
20,34,612.0
20,35,271.0
20,36,262.0
20,37,284.0
20,38,271.0
20,39,271.0
20,40,270.0
20,41,205.0
20,42,316.0
20,43,315.0
20,44,277.0
20,45,262.0
20,46,286.0
20,47,271.0
20,48,252.0
20,49,975.0
20,50,271.0
20,51,273.0
20,52,271.0
20,53,271.0
20,54,210.0
20,55,300.0
20,56,298.0
20,57,275.0
20,58,273.0
20,59,266.0
20,60,270.0
20,61,160.0
20,62,248.0
20,63,176.39999999999998
20,64,252.0
20,65,252.0
20,66,255.0
20,67,298.0
20,68,318.0
20,69,178.0
20,70,304.0
20,71,279.0
20,72,262.0
20,73,252.0
20,74,252.0
20,75,252.0
20,76,252.0
20,77,225.0
20,78,201.0
20,79,239.0
20,80,316.0
20,81,316.0
20,82,334.0
20,83,316.0
20,84,316.0
20,85,1236.0
20,86,534.0
20,87,1215.0
20,88,233.79999999999998
20,89,237.0
20,90,316.0
20,91,316.0
20,92,1234.0
20,93,183.0
20,94,156.0
20,95,306.0
20,96,129.0
20,97,298.0
20,98,262.0
20,99,286.0
20,100,338.0
20,101,271.0
20,102,271.0
20,103,261.0
20,104,271.0
20,105,273.0
20,106,270.0
20,107,253.0
20,108,271.0
20,109,313.0
20,110,253.0
20,111,315.0
20,112,1231.0
20,113,253.0
20,114,270.0
20,115,219.0
20,116,277.0
20,117,219.0
20,118,280.0
20,119,334.0
20,120,302.0
20,121,334.0
20,122,271.0
20,123,271.0
20,124,334.0
20,125,271.0
20,126,271.0
20,127,271.0
20,128,271.0
20,129,271.0
20,130,286.0
20,131,270.0
20,132,266.0
20,133,334.0
20,134,221.2
20,135,252.0
20,136,176.0
20,137,270.0
20,138,266.0
20,139,334.0
20,140,288.0
20,141,315.0
20,142,316.0
20,143,316.0
20,144,316.0
20,145,271.0
20,146,253.0
20,147,275.0
20,148,261.0
20,149,223.0
20,150,289.0
20,151,295.0
20,152,277.0
20,153,246.0
20,154,277.0
20,155,248.0
20,156,286.0
20,157,248.0
20,158,277.0
20,159,243.0
20,160,271.0
20,161,250.0
20,162,316.0
20,163,315.0
20,164,315.0
20,165,306.0
20,166,271.0
20,167,271.0
20,168,1978.0
20,169,1382.0
20,170,1360.0
20,171,1409.0
20,172,1368.0
20,173,1971.0
20,174,1427.0
20,175,1427.0
20,176,1427.0
20,177,253.0
20,178,12992.0
