omega,node,D_iw
1,0,52.60942088793296
1,1,20.932376471800453
1,2,36.14919126126568
1,3,39.190528891716
1,4,0.0
1,5,41.64377089517624
1,6,18.335186051566012
1,7,26.273973146581028
1,8,0.0
1,9,0.0
1,10,57.489333678887704
1,11,0.0
1,12,37.32675807716272
1,13,14.849564047494392
1,14,90.77262946369974
1,15,21.819734345134282
1,16,11.532451831496488
1,17,55.39286610643205
1,18,50.36671993053973
1,19,15.164007839772939
1,20,12.033117070867181
1,21,9.249754844323634
1,22,6.915876602817587
1,23,12.194042472390777
1,24,0.0
1,25,0.0
1,26,63.17450790942661
1,27,15.263171463770252
1,28,25.869248357767336
1,29,0.0
1,30,0.0
1,31,45.84800319669001
1,32,21.09158411501875
1,33,48.46303462250819
1,34,30.16690028273954
1,35,35.42717393661285
1,36,0.0
1,37,0.0
1,38,23.31735908943292
1,39,57.0815856895848
1,40,30.665987055354268
1,41,93.0700419129212
1,42,20.07055335649193
1,43,14.32561581952038
1,44,46.65947417499644
1,45,0.0
1,46,37.84283762407847
1,47,17.87225760779711
1,48,0.0
1,49,17.968567509205307
1,50,15.385675166177078
1,51,15.582049770771905
1,52,21.218692699455236
1,53,0.0
1,54,49.60093412809154
1,55,77.69468526516789
1,56,11.204930818959793
1,57,10.503171645385624
1,58,0.0
1,59,93.27353143115472
1,60,0.0
1,61,85.43432640152795
1,62,0.0
1,63,0.0
1,64,0.0
1,65,0.0
1,66,29.29198179776755
1,67,0.0
1,68,0.0
1,69,60.65381960597383
1,70,0.0
1,71,10.611642192097465
1,72,6.2104401941654
1,73,63.46418227572875
1,74,37.328931255147445
1,75,66.40778542843991
1,76,55.6157334301242
1,77,66.33831090765148
1,78,44.6152556547225
1,79,0.0
1,80,0.0
1,81,47.40520343623196
1,82,19.704865706802728
1,83,10.98827445893286
1,84,24.982242563903124
1,85,15.347968664029565
1,86,0.0
1,87,46.182478211742094
1,88,0.0
1,89,158.2397820214162
1,90,8.96919902963932
1,91,57.88191656658861
1,92,10.99334070884476
1,93,34.325322248021216
1,94,33.84828411303994
1,95,24.763369355089655
1,96,14.707788478061126
1,97,30.033456165634256
1,98,37.82083585243361
1,99,0.0
1,100,20.273219957291182
1,101,5.020215197614876
1,102,0.0
1,103,34.10283521956341
1,104,27.74968700475524
1,105,43.60576483550001
1,106,45.14756583547532
1,107,1.8570204315777668
1,108,7.511733132764555
1,109,38.041537714207095
1,110,0.0
1,111,56.09263113305236
1,112,5.617718609019342
1,113,7.4781283716421845
1,114,19.345230012217225
1,115,158.4606622835658
1,116,16.337700750143554
1,117,25.191173636160695
2,0,75.28505459788512
2,1,147.27729638656362
2,2,52.88819763348874
2,3,40.147127911900576
2,4,0.0
2,5,62.32787706514976
2,6,34.36196543515213
2,7,29.969300831199742
2,8,0.0
2,9,0.0
2,10,113.05827122781986
2,11,0.0
2,12,93.205089517318
2,13,44.29438051348159
2,14,126.5450424640566
2,15,33.87804847065693
2,16,12.554494244557617
2,17,147.70710753621145
2,18,80.95935043864324
2,19,36.99349337410994
2,20,24.226211392890068
2,21,23.066161082278303
2,22,15.840408093158345
2,23,25.541890225098157
2,24,0.0
2,25,0.0
2,26,117.74225533956897
2,27,50.071905223746086
2,28,24.24078535196295
2,29,0.0
2,30,0.0
2,31,235.3434106520658
2,32,37.656099664257894
2,33,65.61727978524152
2,34,36.588977798920084
2,35,38.67253420640878
2,36,0.0
2,37,0.0
2,38,138.2240060834286
2,39,106.28439332486914
2,40,61.55420499753155
2,41,96.87173468551035
2,42,40.39218878797396
2,43,17.664769976053243
2,44,85.30670784411615
2,45,0.0
2,46,74.10962246921964
2,47,33.27066991494596
2,48,0.0
2,49,21.33922324452383
2,50,19.90025159730746
2,51,63.89622796660888
2,52,29.532389772734447
2,53,0.0
2,54,75.4302293952102
2,55,238.89862811964156
2,56,18.364508371665806
2,57,13.966862340376602
2,58,0.0
2,59,83.41472776874703
2,60,0.0
2,61,122.45004310261916
2,62,0.0
2,63,0.0
2,64,0.0
2,65,0.0
2,66,26.990479877272406
2,67,0.0
2,68,0.0
2,69,93.24043049704612
2,70,0.0
2,71,17.99761391463394
2,72,7.357429360124911
2,73,468.35813219083434
2,74,85.66259877452882
2,75,128.64098164922248
2,76,79.19630446705827
2,77,118.96468735280348
2,78,151.25531484834835
2,79,0.0
2,80,0.0
2,81,78.14980460081364
2,82,19.73235307685529
2,83,12.33594337245865
2,84,58.05447408543219
2,85,24.990994600243205
2,86,0.0
2,87,54.16642306059446
2,88,0.0
2,89,253.72511852026798
2,90,11.756343609282236
2,91,61.824605314670904
2,92,27.994276098707495
2,93,32.156120281263426
2,94,59.65913260053641
2,95,36.79718830308839
2,96,14.743206670380406
2,97,81.32548204082315
2,98,96.07657186621866
2,99,0.0
2,100,31.57623839100625
2,101,7.095715693120283
2,102,0.0
2,103,56.52248637517453
2,104,52.75988869524522
2,105,39.377253333053424
2,106,67.11096579536088
2,107,2.8219189325432055
2,108,8.71677722926025
2,109,83.06820450230167
2,110,0.0
2,111,99.88970959845655
2,112,6.527260752950955
2,113,8.43690415457307
2,114,47.273335290233895
2,115,212.2517166519925
2,116,20.67644675470568
2,117,77.01699363375897
3,0,86.0250913493049
3,1,18.731182497211666
3,2,63.051253862636806
3,3,45.66449093952004
3,4,0.0
3,5,86.16342101699084
3,6,22.13051626733276
3,7,83.9797147257992
3,8,0.0
3,9,0.0
3,10,155.10748258654496
3,11,0.0
3,12,37.81556884226113
3,13,16.962111113024086
3,14,106.87200873963626
3,15,31.467946786489456
3,16,37.12253218317347
3,17,72.02281309268105
3,18,86.39905225844014
3,19,24.62654235026998
3,20,610.0360010101814
3,21,10.356829856219756
3,22,44.25976743747875
3,23,14.46109240783215
3,24,0.0
3,25,0.0
3,26,316.506303187382
3,27,67.11192899936339
3,28,23.016950595745403
3,29,0.0
3,30,0.0
3,31,78.96307544998237
3,32,48.85731270574018
3,33,58.113217535215746
3,34,43.00450685427906
3,35,42.03564921162574
3,36,0.0
3,37,0.0
3,38,26.687333960659405
3,39,86.48382144908683
3,40,40.45906297839695
3,41,177.61029028088925
3,42,22.713290889315893
3,43,15.33984014456488
3,44,60.84607564018611
3,45,0.0
3,46,49.650947471769285
3,47,81.9995406245402
3,48,0.0
3,49,51.51167073257766
3,50,22.724446118505597
3,51,23.18729800963033
3,52,23.260230637584055
3,53,0.0
3,54,150.62933147792782
3,55,111.44611331674447
3,56,12.694735344747723
3,57,14.456385666045486
3,58,0.0
3,59,279.0168651114967
3,60,0.0
3,61,90.84199870321329
3,62,0.0
3,63,0.0
3,64,0.0
3,65,0.0
3,66,27.43217182393869
3,67,0.0
3,68,0.0
3,69,79.37088371058141
3,70,0.0
3,71,14.954180531041674
3,72,7.5830135436242925
3,73,89.15130144361808
3,74,343.09656177009936
3,75,92.63750462399369
3,76,67.15377786943178
3,77,72.03776909393802
3,78,47.36508428684005
3,79,0.0
3,80,0.0
3,81,105.25249804460829
3,82,43.41246124480541
3,83,11.417874415746711
3,84,61.38825166346635
3,85,24.33176796404524
3,86,0.0
3,87,62.88513587473958
3,88,0.0
3,89,1264.7661994521627
3,90,10.055169470702703
3,91,320.3283851701475
3,92,22.589345927500233
3,93,30.88893971196674
3,94,65.73831024357817
3,95,45.40467323219249
3,96,27.208357308380883
3,97,155.31796400494835
3,98,38.757047493307596
3,99,0.0
3,100,21.547847317238013
3,101,4.95275442401058
3,102,0.0
3,103,45.03142226781397
3,104,36.9276357499883
3,105,61.519765792116715
3,106,244.85454263319758
3,107,4.0052340848443375
3,108,10.370570188567662
3,109,67.76063028130982
3,110,0.0
3,111,75.66235724742428
3,112,8.74298530510485
3,113,10.620807901607463
3,114,27.605350823137382
3,115,251.81723232655597
3,116,20.491089417911212
3,117,34.77264771727786
4,0,49.45698440128807
4,1,76.19566186645332
4,2,43.94543129539443
4,3,62.34669099576525
4,4,0.0
4,5,48.78132627593345
4,6,27.524041276985447
4,7,41.19361310275183
4,8,0.0
4,9,0.0
4,10,182.27728928210868
4,11,0.0
4,12,40.07152158860763
4,13,15.650576501092464
4,14,287.80597192252725
4,15,28.004988399305727
4,16,45.23120298057645
4,17,69.80808633250298
4,18,196.61925609834944
4,19,21.274204273375833
4,20,19.437846304320733
4,21,39.529292520779975
4,22,10.606529806760888
4,23,21.771723273784932
4,24,0.0
4,25,0.0
4,26,108.67352446705873
4,27,23.4517943544849
4,28,35.65140278896321
4,29,0.0
4,30,0.0
4,31,86.01611905413242
4,32,28.684775829248444
4,33,93.11328270958712
4,34,33.76980401618682
4,35,31.638226097520654
4,36,0.0
4,37,0.0
4,38,45.34285725226725
4,39,66.91337606936459
4,40,49.36317548812687
4,41,158.8826558082064
4,42,41.66620544429746
4,43,33.43486833962229
4,44,137.12525436381765
4,45,0.0
4,46,40.97507867241166
4,47,22.07691400781828
4,48,0.0
4,49,29.916135795104786
4,50,26.220721394329782
4,51,26.970856107031146
4,52,21.558563999550962
4,53,0.0
4,54,68.26118138141914
4,55,109.65326493542173
4,56,11.503455434507408
4,57,13.150984305924121
4,58,0.0
4,59,124.3196381886321
4,60,0.0
4,61,77.45998868758062
4,62,0.0
4,63,0.0
4,64,0.0
4,65,0.0
4,66,64.8649596907901
4,67,0.0
4,68,0.0
4,69,66.86013732605372
4,70,0.0
4,71,37.611150648487936
4,72,11.844540979381721
4,73,308.4689758599304
4,74,45.87230339150931
4,75,78.20786680882789
4,76,89.91339195265687
4,77,82.41265051082627
4,78,45.039141026511174
4,79,0.0
4,80,0.0
4,81,55.591444844820046
4,82,21.43552150401653
4,83,12.082531759098648
4,84,50.24643576098604
4,85,33.380868447786604
4,86,0.0
4,87,68.46885697818392
4,88,0.0
4,89,256.1862876533722
4,90,54.25537101400686
4,91,75.96959057788948
4,92,14.846583132361594
4,93,33.480637060986965
4,94,77.33010972271884
4,95,49.537556072373654
4,96,17.666946845735456
4,97,59.073646197028516
4,98,75.41114654645031
4,99,0.0
4,100,21.764274745713507
4,101,10.194866942218182
4,102,0.0
4,103,40.931714093665704
4,104,36.79256699902998
4,105,38.28414988727785
4,106,50.0706398765618
4,107,6.37282544941848
4,108,9.948635239258266
4,109,63.740842784251825
4,110,0.0
4,111,71.25712641206592
4,112,8.278477569445867
4,113,9.647420671277567
4,114,46.033768561876585
4,115,220.48387198049875
4,116,37.49688864501028
4,117,69.06622680771892
5,0,49.03812142313547
5,1,23.428613275407443
5,2,43.61503879857364
5,3,81.05843234100493
5,4,0.0
5,5,116.92446200268009
5,6,38.05395261635942
5,7,30.326076482288222
5,8,0.0
5,9,0.0
5,10,82.31757610366402
5,11,0.0
5,12,41.537152152107474
5,13,13.583391190347164
5,14,98.0169830026684
5,15,29.632804524825968
5,16,10.395299712956536
5,17,187.2243017308319
5,18,448.2556543418955
5,19,18.6030755337227
5,20,25.191317037082985
5,21,22.671056180078544
5,22,10.765085503355975
5,23,16.576695945389943
5,24,0.0
5,25,0.0
5,26,184.88603893498663
5,27,17.053774014759355
5,28,27.30601577709759
5,29,0.0
5,30,0.0
5,31,127.93946860439495
5,32,31.028174875842115
5,33,58.49757192362534
5,34,52.069018405269276
5,35,50.45788844488615
5,36,0.0
5,37,0.0
5,38,33.07094007553967
5,39,71.22305506330181
5,40,75.16871962622255
5,41,126.1027340468392
5,42,51.93543444897901
5,43,15.731850293337175
5,44,80.05568417999817
5,45,0.0
5,46,54.75535860834267
5,47,31.086360814240365
5,48,0.0
5,49,34.07303253346559
5,50,20.35902258169876
5,51,23.499150503049652
5,52,22.63440937596074
5,53,0.0
5,54,80.63642197592617
5,55,1190.8797641630217
5,56,17.595265831222886
5,57,11.810061258254068
5,58,0.0
5,59,90.56344880818385
5,60,0.0
5,61,82.00692234465964
5,62,0.0
5,63,0.0
5,64,0.0
5,65,0.0
5,66,51.51114138358946
5,67,0.0
5,68,0.0
5,69,68.28327454999868
5,70,0.0
5,71,14.373765134091663
5,72,6.633278844582097
5,73,80.01164820031607
5,74,54.86216522888468
5,75,103.26432354170466
5,76,66.84264543622055
5,77,70.9329539469639
5,78,116.73410884031985
5,79,0.0
5,80,0.0
5,81,90.92611759504712
5,82,20.8010619197508
5,83,13.24839955722194
5,84,33.79669043355612
5,85,22.712821580575632
5,86,0.0
5,87,53.6922001166205
5,88,0.0
5,89,5241.835403715056
5,90,17.58257081309702
5,91,67.07073250398645
5,92,13.40526216673941
5,93,52.149504269564225
5,94,52.89624609225279
5,95,104.33987438358179
5,96,62.87135240477789
5,97,37.062357425017204
5,98,41.25010316114648
5,99,0.0
5,100,29.05183420623402
5,101,6.416914740150704
5,102,0.0
5,103,69.27891045884348
5,104,49.25866923898374
5,105,40.048688273452065
5,106,93.40280374424954
5,107,5.729484083540193
5,108,13.388938500181585
5,109,106.02188466651255
5,110,0.0
5,111,66.51665732961213
5,112,50.700829642604226
5,113,14.46676908812029
5,114,26.730757688573235
5,115,194.27529688738392
5,116,103.44858718209812
5,117,33.65745370694256
6,0,93.22175923962446
6,1,23.14601165854846
6,2,53.60597874298878
6,3,40.05788356022516
6,4,0.0
6,5,59.82888891170848
6,6,24.498541394688118
6,7,28.42174347072719
6,8,0.0
6,9,0.0
6,10,114.72232513262533
6,11,0.0
6,12,44.30305812243886
6,13,13.777162237866328
6,14,93.31789423304268
6,15,62.5447656518138
6,16,13.202953355752507
6,17,109.42128276623713
6,18,48.03687288226666
6,19,20.23545810232644
6,20,14.26251423306747
6,21,10.56531344419072
6,22,7.85116871014526
6,23,17.707934686553568
6,24,0.0
6,25,0.0
6,26,147.91471899277934
6,27,17.53997583441605
6,28,34.24611368543758
6,29,0.0
6,30,0.0
6,31,63.37446243277886
6,32,30.453545766518072
6,33,184.88572554370342
6,34,34.826992877563384
6,35,36.99483926633338
6,36,0.0
6,37,0.0
6,38,29.173343243792154
6,39,390.1196741438461
6,40,34.873157711264625
6,41,91.71653238483943
6,42,20.885003396046475
6,43,16.322241858972326
6,44,127.51156025284337
6,45,0.0
6,46,345.38961950879025
6,47,29.55898140903713
6,48,0.0
6,49,22.184310506930288
6,50,19.34997382281352
6,51,21.79552802703214
6,52,208.76542392432273
6,53,0.0
6,54,59.92819811773966
6,55,773.9319419078078
6,56,31.31081402156295
6,57,42.597023631032
6,58,0.0
6,59,245.5892694646739
6,60,0.0
6,61,88.70768550351418
6,62,0.0
6,63,0.0
6,64,0.0
6,65,0.0
6,66,38.80663316177902
6,67,0.0
6,68,0.0
6,69,67.35699524766638
6,70,0.0
6,71,11.643367114259771
6,72,18.44374378311545
6,73,275.9069446818435
6,74,71.61854410294085
6,75,66.5015065548143
6,76,62.3775561490126
6,77,155.3110581192232
6,78,46.894611040544106
6,79,0.0
6,80,0.0
6,81,75.97835870600726
6,82,20.31974595119709
6,83,23.620918852965666
6,84,25.56824388023101
6,85,30.34323015043326
6,86,0.0
6,87,72.3000720161388
6,88,0.0
6,89,214.93247001990034
6,90,17.831986285352038
6,91,66.08874029189211
6,92,19.56241831936031
6,93,50.00597106180485
6,94,45.82301771670558
6,95,83.52956808634927
6,96,27.426690803202778
6,97,34.21977296726366
6,98,85.36408526159792
6,99,0.0
6,100,26.28811764473828
6,101,4.883369678849475
6,102,0.0
6,103,61.330467475438454
6,104,37.39958928333796
6,105,266.1273191147036
6,106,79.99652736204621
6,107,2.7901177338832723
6,108,35.88255798116214
6,109,51.278977893285344
6,110,0.0
6,111,102.21187589389605
6,112,6.281520446049049
6,113,13.432571548407145
6,114,83.63920029733418
6,115,177.793860243227
6,116,24.96568413199033
6,117,41.93163930888972
7,0,83.92243855061932
7,1,23.86498199313869
7,2,47.685816770248074
7,3,39.126360317037296
7,4,0.0
7,5,124.57503378656484
7,6,25.566189856450812
7,7,28.227539402321074
7,8,0.0
7,9,0.0
7,10,169.5162717216765
7,11,0.0
7,12,73.04173440894127
7,13,13.87106786240951
7,14,246.57473960651524
7,15,28.183423149032667
7,16,28.56540498758176
7,17,70.988753122847
7,18,63.525634054915734
7,19,43.94128266556727
7,20,22.279387625922027
7,21,19.54217582663194
7,22,26.862085704719593
7,23,65.37178781554398
7,24,0.0
7,25,0.0
7,26,65.07089113706877
7,27,17.65770982272317
7,28,32.59328834686159
7,29,0.0
7,30,0.0
7,31,104.65335402267806
7,32,48.2879024793392
7,33,356.25767578686214
7,34,98.06303864069848
7,35,34.526347683740205
7,36,0.0
7,37,0.0
7,38,50.48604638773968
7,39,148.58680730682107
7,40,52.171796998881106
7,41,316.9926038213768
7,42,22.596852158815693
7,43,15.76094144891312
7,44,54.979678641833
7,45,0.0
7,46,34.31695567197698
7,47,34.847823206089075
7,48,0.0
7,49,18.86147060982681
7,50,24.4783361223774
7,51,25.068839826933463
7,52,67.97730960954459
7,53,0.0
7,54,245.28596942474127
7,55,86.3871418023741
7,56,24.63953532991813
7,57,17.339671893345677
7,58,0.0
7,59,334.25917622240456
7,60,0.0
7,61,135.8679512014926
7,62,0.0
7,63,0.0
7,64,0.0
7,65,0.0
7,66,27.601615723910793
7,67,0.0
7,68,0.0
7,69,84.16471347770151
7,70,0.0
7,71,14.85525368794086
7,72,7.479514244303187
7,73,71.04336987320285
7,74,81.33349257640651
7,75,312.36061472277476
7,76,575.2434949287043
7,77,199.36014222960262
7,78,154.0704934756363
7,79,0.0
7,80,0.0
7,81,63.111600767706854
7,82,22.340451974097142
7,83,10.894144009228702
7,84,24.65469806685704
7,85,26.065565366898706
7,86,0.0
7,87,114.31706558493282
7,88,0.0
7,89,2069.440427743947
7,90,9.742779986886674
7,91,109.50496255956757
7,92,12.054307564966964
7,93,46.556975134342736
7,94,254.86564037601883
7,95,40.48662445480244
7,96,22.66998423367607
7,97,105.20333791706064
7,98,54.31768840053952
7,99,0.0
7,100,48.9368372010202
7,101,5.1445085379221185
7,102,0.0
7,103,38.47495369068084
7,104,211.18167763175072
7,105,152.94176824609494
7,106,84.90990073465413
7,107,2.1988782934415303
7,108,192.42165039748585
7,109,45.608410031965974
7,110,0.0
7,111,96.34894177720618
7,112,12.719065428584019
7,113,11.374968525338941
7,114,55.842126237384385
7,115,186.46381776002877
7,116,30.455434039843013
7,117,35.06560716936874
8,0,48.8836890832471
8,1,17.424024576414816
8,2,39.94596962482994
8,3,28.11296694546473
8,4,0.0
8,5,49.44310129721217
8,6,20.453774457875646
8,7,24.088335560080754
8,8,0.0
8,9,0.0
8,10,77.74354718617812
8,11,0.0
8,12,30.101319577118108
8,13,11.225687543427304
8,14,85.39469286917013
8,15,19.989224669105145
8,16,9.986683054637714
8,17,71.34058342263656
8,18,46.583184402049326
8,19,18.06447836891723
8,20,13.5466390298826
8,21,9.171925695860956
8,22,6.3702486605306206
8,23,12.060446643505705
8,24,0.0
8,25,0.0
8,26,73.32568766051949
8,27,14.247145380502635
8,28,19.557950355075867
8,29,0.0
8,30,0.0
8,31,67.22841284008545
8,32,23.57620710923749
8,33,54.20453208104715
8,34,35.09636591011251
8,35,29.88231260758004
8,36,0.0
8,37,0.0
8,38,25.476540103761128
8,39,66.65068866461552
8,40,30.127377989629398
8,41,90.22072148666582
8,42,13.984708549537913
8,43,16.184658683919455
8,44,63.662792539482794
8,45,0.0
8,46,28.441251007764517
8,47,17.71744243527135
8,48,0.0
8,49,14.10026983604645
8,50,17.125742431729307
8,51,18.99728975134669
8,52,16.20592653862307
8,53,0.0
8,54,70.85170844370872
8,55,92.16275966244488
8,56,10.27747000527705
8,57,9.98826366988219
8,58,0.0
8,59,73.25457828075457
8,60,0.0
8,61,76.46498206694284
8,62,0.0
8,63,0.0
8,64,0.0
8,65,0.0
8,66,31.292321424642903
8,67,0.0
8,68,0.0
8,69,52.125213221411116
8,70,0.0
8,71,9.210857318909195
8,72,4.8862637742907955
8,73,64.30112034653423
8,74,50.75852443221268
8,75,57.38314505473073
8,76,59.03131186969888
8,77,84.1507779890721
8,78,39.36969518489129
8,79,0.0
8,80,0.0
8,81,39.45605781076204
8,82,17.01568756107024
8,83,11.816853559534596
8,84,23.413096723867998
8,85,20.651183675728774
8,86,0.0
8,87,45.135409616059576
8,88,0.0
8,89,169.50610603248762
8,90,10.531588545142517
8,91,63.66665824784657
8,92,10.704960730580956
8,93,28.35557382863508
8,94,33.54744225382913
8,95,36.52365272383723
8,96,17.565018647501905
8,97,35.992273673164135
8,98,44.03428187744662
8,99,0.0
8,100,21.054577255374646
8,101,4.06350259159345
8,102,0.0
8,103,34.97491806411389
8,104,28.68871391090053
8,105,27.87208872607231
8,106,60.365259310909344
8,107,1.9732398426568605
8,108,8.050944004942291
8,109,39.195091464993716
8,110,0.0
8,111,66.79882770802055
8,112,5.768758772758222
8,113,6.615264022606186
8,114,24.163043322587164
8,115,176.61528079747578
8,116,18.708992759718004
8,117,31.79175820823598
9,0,334.961049554256
9,1,30.95760642928207
9,2,74.4490987868848
9,3,41.98029752488033
9,4,0.0
9,5,51.23743634430474
9,6,24.334040691563743
9,7,94.4830605949755
9,8,0.0
9,9,0.0
9,10,72.35784372413424
9,11,0.0
9,12,37.34216780407351
9,13,22.675994036535176
9,14,171.33901529033406
9,15,28.822722701757506
9,16,12.516126702873649
9,17,58.76100353577269
9,18,45.452371867315854
9,19,32.62695025918483
9,20,15.187006372233858
9,21,11.722565432811148
9,22,9.997773409108573
9,23,17.812362488501275
9,24,0.0
9,25,0.0
9,26,294.0112550610481
9,27,19.40309094476216
9,28,43.36523189269377
9,29,0.0
9,30,0.0
9,31,241.0007135141709
9,32,25.96609616934634
9,33,60.467089641718175
9,34,36.0049521062238
9,35,59.26799014747396
9,36,0.0
9,37,0.0
9,38,25.68488649380385
9,39,74.38490280743315
9,40,34.720330083948284
9,41,1600.7647346442207
9,42,26.372455134017645
9,43,15.389749688272317
9,44,443.9699185684645
9,45,0.0
9,46,46.89068859714315
9,47,19.363244751833868
9,48,0.0
9,49,17.219475872573128
9,50,16.769055336574425
9,51,24.839332565821433
9,52,22.112557178565154
9,53,0.0
9,54,89.83616935958892
9,55,134.18279185361283
9,56,11.700398690701096
9,57,12.26212344329027
9,58,0.0
9,59,185.10307757750192
9,60,0.0
9,61,91.89273566999205
9,62,0.0
9,63,0.0
9,64,0.0
9,65,0.0
9,66,53.31534508316031
9,67,0.0
9,68,0.0
9,69,94.76160040875037
9,70,0.0
9,71,14.552902360462664
9,72,7.075435742392184
9,73,70.93090353210576
9,74,49.9952908394957
9,75,82.27460375910265
9,76,534.2150827204258
9,77,124.37426109772662
9,78,100.85951355011282
9,79,0.0
9,80,0.0
9,81,52.80709241181039
9,82,28.978695658121417
9,83,10.98012180658594
9,84,32.75351224290113
9,85,32.86526961071544
9,86,0.0
9,87,107.47820982248778
9,88,0.0
9,89,227.2742676141018
9,90,16.069982700534403
9,91,86.15750717707361
9,92,38.62334905384675
9,93,99.63190308717203
9,94,42.13384515112491
9,95,42.821912496841115
9,96,20.391389474436195
9,97,58.32878075765473
9,98,45.76599506310739
9,99,0.0
9,100,23.6587918136915
9,101,4.9624468294310455
9,102,0.0
9,103,169.99752167055175
9,104,34.03972534899584
9,105,43.40542255510788
9,106,65.29079028558915
9,107,2.1977727646328162
9,108,16.08435719819256
9,109,49.744273843355764
9,110,0.0
9,111,508.01305543635755
9,112,7.33108879427577
9,113,25.041053592614013
9,114,25.644407856151627
9,115,219.31944812746084
9,116,21.74521500380532
9,117,229.42761386116706
10,0,52.63261785678063
10,1,22.237454382437825
10,2,57.8954185402954
10,3,43.975517168674216
10,4,0.0
10,5,73.02131024346022
10,6,267.6556386602526
10,7,26.78292439596944
10,8,0.0
10,9,0.0
10,10,75.11526308652255
10,11,0.0
10,12,116.0828635906282
10,13,13.765044865224251
10,14,102.62227692866766
10,15,27.453334798201723
10,16,18.860241158662575
10,17,67.49879665073485
10,18,49.9415524454516
10,19,22.036579385339063
10,20,16.481746934058805
10,21,9.521872923064096
10,22,7.462476042336696
10,23,12.542019437372684
10,24,0.0
10,25,0.0
10,26,76.60629350976384
10,27,29.357431835704322
10,28,141.49750537800278
10,29,0.0
10,30,0.0
10,31,79.5258409025224
10,32,28.115499401542753
10,33,119.90737187781104
10,34,33.51093892711764
10,35,35.26007491699321
10,36,0.0
10,37,0.0
10,38,35.214411999310414
10,39,86.42802786958748
10,40,49.87995622436562
10,41,343.5556619439488
10,42,26.242478651368316
10,43,19.9079994218366
10,44,66.96552084492927
10,45,0.0
10,46,48.103755762636254
10,47,74.4102686021065
10,48,0.0
10,49,25.77056321973147
10,50,21.91315623011572
10,51,20.839308969469524
10,52,21.73874617883428
10,53,0.0
10,54,79.15074887320789
10,55,161.7245757993286
10,56,13.46781202262109
10,57,29.152944519759178
10,58,0.0
10,59,254.7545037261207
10,60,0.0
10,61,95.53355199961068
10,62,0.0
10,63,0.0
10,64,0.0
10,65,0.0
10,66,26.399547955313654
10,67,0.0
10,68,0.0
10,69,86.11159087265818
10,70,0.0
10,71,13.57021380399156
10,72,32.17472249395932
10,73,74.03557012675894
10,74,58.960547663975476
10,75,346.06875170278806
10,76,94.66266012814107
10,77,82.47343771322193
10,78,51.27498370729516
10,79,0.0
10,80,0.0
10,81,72.88282635505355
10,82,22.490008111774113
10,83,12.711453877240212
10,84,44.095560988109604
10,85,177.03309556250557
10,86,0.0
10,87,47.060108504291165
10,88,0.0
10,89,320.2219211802022
10,90,15.956470520143505
10,91,71.44690603481308
10,92,13.614900531923311
10,93,29.542293815889565
10,94,73.89889176201494
10,95,37.155920212517714
10,96,18.493568099181388
10,97,52.363859217966066
10,98,65.22607613551213
10,99,0.0
10,100,48.410831660758404
10,101,14.096087257824513
10,102,0.0
10,103,72.33337990701176
10,104,50.66250118381806
10,105,85.94576802050467
10,106,174.47386917552242
10,107,2.2941655051348864
10,108,7.874848744190609
10,109,61.07253370646106
10,110,0.0
10,111,287.5869876994103
10,112,12.541409178447006
10,113,8.049439282488748
10,114,181.48136233012625
10,115,397.68384358891234
10,116,20.76784223945739
10,117,36.51509860605092
11,0,48.779369080937336
11,1,19.284313960422054
11,2,46.7739199874669
11,3,32.96531644240856
11,4,0.0
11,5,50.25553749231045
11,6,21.287021336111312
11,7,24.12222089342227
11,8,0.0
11,9,0.0
11,10,66.0075025151935
11,11,0.0
11,12,32.97806164412543
11,13,14.008201393403846
11,14,88.72322605794842
11,15,23.796223874835867
11,16,10.314630911014406
11,17,50.25436321880899
11,18,44.09701134904779
11,19,17.82100916260453
11,20,15.217963131361557
11,21,9.857356565043037
11,22,6.003154556780372
11,23,13.013484395074087
11,24,0.0
11,25,0.0
11,26,51.56312885755104
11,27,16.846851736212557
11,28,19.971658105045986
11,29,0.0
11,30,0.0
11,31,54.74068755071398
11,32,22.116972246707885
11,33,59.59179248051805
11,34,32.07748693504966
11,35,35.71849752124004
11,36,0.0
11,37,0.0
11,38,21.876151080376125
11,39,63.16559070454125
11,40,36.58457640719594
11,41,91.68502682822863
11,42,17.900688267235914
11,43,14.322237248949202
11,44,55.50199933534747
11,45,0.0
11,46,36.114337517501944
11,47,18.91319548178316
11,48,0.0
11,49,14.480354643182467
11,50,16.598445131596982
11,51,18.56925999704524
11,52,20.145358904834943
11,53,0.0
11,54,49.448205411859306
11,55,93.02680324366396
11,56,11.107235421946484
11,57,11.843833515747587
11,58,0.0
11,59,74.4494742586676
11,60,0.0
11,61,71.64441662925205
11,62,0.0
11,63,0.0
11,64,0.0
11,65,0.0
11,66,25.930683325009387
11,67,0.0
11,68,0.0
11,69,67.79449075143339
11,70,0.0
11,71,11.35831147759607
11,72,5.483990555107435
11,73,58.34400331563283
11,74,44.73143376054056
11,75,56.076472625064305
11,76,51.36011872132357
11,77,70.17095183192268
11,78,43.13182736804146
11,79,0.0
11,80,0.0
11,81,51.653778077669465
11,82,16.969177842139082
11,83,11.956360384209445
11,84,25.97720963850066
11,85,24.917700383943625
11,86,0.0
11,87,48.200990191370266
11,88,0.0
11,89,146.56326089184287
11,90,8.256666657798927
11,91,62.09851763275727
11,92,10.867451771396532
11,93,31.459503021711544
11,94,40.19071640618347
11,95,39.2887047370065
11,96,14.541799706799583
11,97,35.24686408104468
11,98,43.48938729602438
11,99,0.0
11,100,18.347259414576087
11,101,4.952736440216367
11,102,0.0
11,103,34.4479367277714
11,104,32.88182433000188
11,105,35.94950843319515
11,106,42.92719920698365
11,107,1.7391749633148557
11,108,7.167995596070686
11,109,35.946798982876345
11,110,0.0
11,111,61.70786337769031
11,112,7.156339822334779
11,113,7.009883410505151
11,114,23.358719813689557
11,115,159.42052129468473
11,116,19.966213546632236
11,117,32.32344626501525
12,0,75.74738353864014
12,1,20.437009383702236
12,2,56.683812909371
12,3,42.961772939286526
12,4,0.0
12,5,47.36876910575004
12,6,33.90571550905428
12,7,52.07781042732325
12,8,0.0
12,9,0.0
12,10,94.93789952709506
12,11,0.0
12,12,53.32738707752464
12,13,19.758175858790036
12,14,112.55072492405016
12,15,33.57592091550711
12,16,51.08726024104851
12,17,64.5194876958977
12,18,142.18311396538476
12,19,22.881644135353255
12,20,15.508422786584742
12,21,9.631140549869912
12,22,7.728876390130516
12,23,19.462470418742054
12,24,0.0
12,25,0.0
12,26,81.37745382410283
12,27,18.59436240774571
12,28,23.0146346584218
12,29,0.0
12,30,0.0
12,31,242.99402986453302
12,32,59.18443936545799
12,33,57.690814587315536
12,34,34.908046677048645
12,35,42.82334518186627
12,36,0.0
12,37,0.0
12,38,27.68560478527318
12,39,80.8138629786338
12,40,63.75292639840629
12,41,182.67357392581076
12,42,106.8414697494512
12,43,25.316569182099997
12,44,122.6275911785616
12,45,0.0
12,46,108.41882683520107
12,47,21.956203379247494
12,48,0.0
12,49,26.89633429447202
12,50,48.15583849983467
12,51,22.193719278853763
12,52,23.64403912645168
12,53,0.0
12,54,59.60525621257124
12,55,115.69769157107652
12,56,11.5202102257525
12,57,13.473795714658753
12,58,0.0
12,59,84.93813657367066
12,60,0.0
12,61,338.0275956766938
12,62,0.0
12,63,0.0
12,64,0.0
12,65,0.0
12,66,28.754542884515985
12,67,0.0
12,68,0.0
12,69,101.9340357512768
12,70,0.0
12,71,11.753311536543748
12,72,10.081121675857457
12,73,121.40823771973797
12,74,57.92845625279714
12,75,75.97023935256864
12,76,59.99563232377146
12,77,521.5110139301415
12,78,47.42527970119397
12,79,0.0
12,80,0.0
12,81,146.55344707818384
12,82,19.02396723762283
12,83,20.025395777701217
12,84,25.834062105240573
12,85,29.754859880183243
12,86,0.0
12,87,79.16321861827629
12,88,0.0
12,89,257.87792696345963
12,90,10.70832837808658
12,91,67.52613216456454
12,92,15.02114055222429
12,93,60.442923743799604
12,94,64.01174668366384
12,95,36.64893068842504
12,96,22.96381349061746
12,97,41.02175950121272
12,98,48.11942388647555
12,99,0.0
12,100,29.362010582374555
12,101,7.600457743060592
12,102,0.0
12,103,40.6387790082154
12,104,50.3634735718698
12,105,49.73666831339023
12,106,67.38669110409639
12,107,4.313292161568561
12,108,24.291737911736245
12,109,41.84894727778633
12,110,0.0
12,111,80.311658814516
12,112,12.333919123670736
12,113,8.167325038097003
12,114,32.67664079529226
12,115,246.30216983328847
12,116,24.02387780356956
12,117,35.60661193532202
13,0,48.20868435285032
13,1,19.742040471821525
13,2,69.08291691074203
13,3,44.86966549833785
13,4,0.0
13,5,51.728539209792196
13,6,20.820246083355766
13,7,36.11523567205117
13,8,0.0
13,9,0.0
13,10,93.79670963701774
13,11,0.0
13,12,46.355030643743234
13,13,23.853877584255223
13,14,117.13005077946931
13,15,22.377811369313957
13,16,22.18839916803817
13,17,63.64983016501314
13,18,117.70602734505097
13,19,31.652648905727148
13,20,27.69998304135044
13,21,15.57551298454858
13,22,12.113973121581278
13,23,29.92386841248188
13,24,0.0
13,25,0.0
13,26,80.47165105630205
13,27,36.899145685329465
13,28,47.77384208316213
13,29,0.0
13,30,0.0
13,31,78.91450063250514
13,32,78.86849334722787
13,33,82.34351395433264
13,34,72.07989296448207
13,35,65.83466687421804
13,36,0.0
13,37,0.0
13,38,24.777503280861904
13,39,103.83146888487796
13,40,51.33896730992102
13,41,94.48739278847671
13,42,20.90633142217968
13,43,15.558161109704717
13,44,56.31675613897631
13,45,0.0
13,46,38.03693318312845
13,47,26.82296962294812
13,48,0.0
13,49,18.597306970184164
13,50,23.05517710372329
13,51,19.550458005259728
13,52,26.43231859170186
13,53,0.0
13,54,74.49690890616115
13,55,100.23338204340398
13,56,15.660660654520681
13,57,11.949349992454277
13,58,0.0
13,59,122.73446351033691
13,60,0.0
13,61,114.23984875551433
13,62,0.0
13,63,0.0
13,64,0.0
13,65,0.0
13,66,46.280301836803424
13,67,0.0
13,68,0.0
13,69,90.37426594313094
13,70,0.0
13,71,12.227703166787151
13,72,19.660445249499297
13,73,80.04971355363132
13,74,48.26826203683078
13,75,66.37208432963199
13,76,64.01049098582031
13,77,78.54848505670812
13,78,45.64332695237058
13,79,0.0
13,80,0.0
13,81,116.8591090152796
13,82,18.37610282936309
13,83,18.4913321454553
13,84,29.312241114862164
13,85,26.640711131423647
13,86,0.0
13,87,57.47663459299422
13,88,0.0
13,89,205.29492377844014
13,90,10.24657559591416
13,91,67.14800065838752
13,92,20.314238390901846
13,93,43.00296258718914
13,94,52.653055456067165
13,95,102.29613423814543
13,96,26.084159534811118
13,97,34.179521600107954
13,98,52.55708104644967
13,99,0.0
13,100,21.868051873497855
13,101,7.90659751397338
13,102,0.0
13,103,37.33370931517852
13,104,39.33426298951258
13,105,54.996233469918806
13,106,50.07307962172114
13,107,5.856961196708465
13,108,8.329004132447798
13,109,38.67736978893692
13,110,0.0
13,111,72.52606584769103
13,112,8.576032519935612
13,113,8.379113716352503
13,114,106.6163205505193
13,115,289.680453740607
13,116,21.40704606603844
13,117,44.24256265278291
14,0,118.76192906996494
14,1,21.461380243833638
14,2,75.13628860287395
14,3,169.93486151008386
14,4,0.0
14,5,63.36362659897732
14,6,28.62513477830145
14,7,132.55705923460644
14,8,0.0
14,9,0.0
14,10,578.2072235938014
14,11,0.0
14,12,48.985428224406476
14,13,17.149781196188496
14,14,84.03809042262912
14,15,29.254527077320837
14,16,18.451721892886702
14,17,62.72482201371417
14,18,54.45862683826154
14,19,86.73725359958969
14,20,34.90353168181202
14,21,16.48597691549861
14,22,20.121340087514785
14,23,15.095046144844119
14,24,0.0
14,25,0.0
14,26,98.04902161496672
14,27,18.46322227957366
14,28,27.36754178568316
14,29,0.0
14,30,0.0
14,31,102.72143356584179
14,32,27.24349691603989
14,33,75.19519009802549
14,34,33.81334510808855
14,35,31.10809918132835
14,36,0.0
14,37,0.0
14,38,25.369749643724276
14,39,70.06637238992701
14,40,89.30327713874249
14,41,111.82420407082851
14,42,17.992683043240834
14,43,17.25948860865432
14,44,229.42807715306645
14,45,0.0
14,46,39.331728851933505
14,47,18.98048764131666
14,48,0.0
14,49,24.90748063554764
14,50,22.706191302230472
14,51,49.89821684732734
14,52,21.973364944165745
14,53,0.0
14,54,64.09171109803884
14,55,132.80011191498616
14,56,31.055485901690997
14,57,74.41378200952654
14,58,0.0
14,59,111.4762581764544
14,60,0.0
14,61,323.2787408773183
14,62,0.0
14,63,0.0
14,64,0.0
14,65,0.0
14,66,30.545413238082556
14,67,0.0
14,68,0.0
14,69,260.61428068436226
14,70,0.0
14,71,35.3105201804429
14,72,15.034335333137815
14,73,194.29342388211484
14,74,47.35424419474155
14,75,73.62260169429295
14,76,59.667724745043316
14,77,169.18137426051078
14,78,66.93691230493866
14,79,0.0
14,80,0.0
14,81,190.7866263877659
14,82,20.55836980071808
14,83,25.31703261499308
14,84,36.09672013707202
14,85,252.4660349524981
14,86,0.0
14,87,88.72891737131602
14,88,0.0
14,89,240.24214668257142
14,90,18.364772821967172
14,91,110.07989196175785
14,92,14.929904350958072
14,93,39.23302840062467
14,94,75.9391364923099
14,95,48.86966060405181
14,96,66.23209896056531
14,97,40.30079394526069
14,98,50.95721639951799
14,99,0.0
14,100,22.18738496405302
14,101,5.536322360713216
14,102,0.0
14,103,47.867108474597124
14,104,30.868856066552745
14,105,141.841965850117
14,106,51.15025257585346
14,107,6.107472564583476
14,108,55.681501214634295
14,109,39.237043437693686
14,110,0.0
14,111,79.86960532213314
14,112,6.5108791492682
14,113,13.032777768807778
14,114,23.35962487174107
14,115,663.5482079419343
14,116,22.240780143819986
14,117,29.753906836717434
15,0,62.512726914898934
15,1,46.1429437751127
15,2,44.34720891023135
15,3,108.09390975547853
15,4,0.0
15,5,71.01611012685805
15,6,24.04817203019307
15,7,48.27827393937146
15,8,0.0
15,9,0.0
15,10,155.41977400919998
15,11,0.0
15,12,108.06641176966473
15,13,20.427985185749623
15,14,102.02258263957
15,15,27.019229156755653
15,16,11.115047632049706
15,17,57.264824636004704
15,18,45.58418245352936
15,19,19.840567914209597
15,20,17.9277486812786
15,21,17.40885995577108
15,22,15.077631019697703
15,23,17.344156396209744
15,24,0.0
15,25,0.0
15,26,170.53358618154013
15,27,24.568600551297617
15,28,22.339576358709692
15,29,0.0
15,30,0.0
15,31,61.56766170941697
15,32,29.804305921743122
15,33,88.14920385446668
15,34,36.216256466682374
15,35,37.99417034266014
15,36,0.0
15,37,0.0
15,38,35.65862813162327
15,39,132.72672918882108
15,40,36.203928591224546
15,41,230.59234099933943
15,42,18.683921555813946
15,43,17.964700747862054
15,44,70.01591176435758
15,45,0.0
15,46,39.55272701922115
15,47,136.3489949497577
15,48,0.0
15,49,29.119573854422114
15,50,16.271176904897064
15,51,19.92040546086217
15,52,35.56375758616271
15,53,0.0
15,54,89.4043754543504
15,55,87.10867345095205
15,56,12.884704577407101
15,57,64.10663817711746
15,58,0.0
15,59,85.29206082943948
15,60,0.0
15,61,88.15397289887089
15,62,0.0
15,63,0.0
15,64,0.0
15,65,0.0
15,66,26.846913347983097
15,67,0.0
15,68,0.0
15,69,111.86236454156271
15,70,0.0
15,71,12.123619094932526
15,72,18.0228908581888
15,73,125.58412643048311
15,74,133.27167476853145
15,75,135.94995966855686
15,76,56.79709649293824
15,77,70.24572132940389
15,78,49.6284590029688
15,79,0.0
15,80,0.0
15,81,57.78062618771951
15,82,62.25054851809192
15,83,13.935767277940654
15,84,39.82099087525898
15,85,22.526580339824314
15,86,0.0
15,87,111.4324558518875
15,88,0.0
15,89,166.78998799849492
15,90,9.237391504875852
15,91,67.02717757614498
15,92,16.15490236450776
15,93,36.051885561585614
15,94,42.996553198703324
15,95,39.78469885214353
15,96,28.586805854710498
15,97,38.114784434119514
15,98,54.58268339342441
15,99,0.0
15,100,33.583665132937526
15,101,5.391116502092484
15,102,0.0
15,103,39.98110295272876
15,104,38.0990424294664
15,105,71.66908549434767
15,106,58.22547996232566
15,107,1.914438717991353
15,108,8.856769347060169
15,109,60.26928711685335
15,110,0.0
15,111,65.40034399079516
15,112,7.212731821145412
15,113,7.763390669767489
15,114,26.84207637768671
15,115,201.48308148917312
15,116,31.256993466189705
15,117,59.918434018843456
16,0,48.97560734766139
16,1,30.602922022157266
16,2,75.13834037142479
16,3,45.391363377361664
16,4,0.0
16,5,87.99885795040625
16,6,21.287910790703705
16,7,39.9419478443624
16,8,0.0
16,9,0.0
16,10,105.46794095651268
16,11,0.0
16,12,57.97310997612204
16,13,14.789559662102157
16,14,152.92745754480057
16,15,40.55217714844287
16,16,12.492172651000462
16,17,91.20702335411907
16,18,59.708281678333385
16,19,23.442960929883405
16,20,14.838988285526503
16,21,18.148456296576324
16,22,9.432681027545986
16,23,12.738507094264909
16,24,0.0
16,25,0.0
16,26,150.36264498386447
16,27,24.529418863649994
16,28,23.638730018966385
16,29,0.0
16,30,0.0
16,31,125.36841520517348
16,32,24.948751059640475
16,33,55.60849703248819
16,34,89.02535277581728
16,35,47.310465333655564
16,36,0.0
16,37,0.0
16,38,38.31132003722189
16,39,134.6657809640002
16,40,309.2373187228208
16,41,113.84058651213397
16,42,85.53168561884071
16,43,15.41927272366552
16,44,133.25695876534803
16,45,0.0
16,46,43.14539446134808
16,47,40.00705427872036
16,48,0.0
16,49,35.02781720674624
16,50,70.09037795823816
16,51,28.907634818483583
16,52,23.65483971279463
16,53,0.0
16,54,75.56804556547516
16,55,145.61770384745472
16,56,27.376873353030714
16,57,15.77543898671918
16,58,0.0
16,59,303.4920168292878
16,60,0.0
16,61,338.7472746445427
16,62,0.0
16,63,0.0
16,64,0.0
16,65,0.0
16,66,50.07365794843687
16,67,0.0
16,68,0.0
16,69,99.07200562334472
16,70,0.0
16,71,17.00832768792455
16,72,7.379473372377969
16,73,80.41135064752996
16,74,53.34153896705915
16,75,69.91601395511773
16,76,88.42367654569863
16,77,73.0681251494356
16,78,120.77393158833715
16,79,0.0
16,80,0.0
16,81,50.65922037567649
16,82,21.601067568290958
16,83,15.263966366499437
16,84,28.25020540123193
16,85,24.920439731093847
16,86,0.0
16,87,57.54586480368527
16,88,0.0
16,89,160.68341867632347
16,90,18.276494695413895
16,91,89.30585604149648
16,92,17.356460877995918
16,93,104.48316004061991
16,94,49.71163865169604
16,95,43.017647864380294
16,96,46.27360168414751
16,97,36.009174450287546
16,98,41.45330459557205
16,99,0.0
16,100,39.10934631178119
16,101,4.934817091668104
16,102,0.0
16,103,54.646729032817944
16,104,33.019224168868156
16,105,48.95114893301714
16,106,54.28991814748024
16,107,11.915890055851381
16,108,34.48161424328586
16,109,70.33174898656719
16,110,0.0
16,111,182.98540389271548
16,112,8.981553612957178
16,113,10.050964562523719
16,114,34.43082129207505
16,115,274.59971391569445
16,116,45.15958109088257
16,117,62.203958477664784
17,0,257.808609968882
17,1,72.88707351167739
17,2,93.69513969826824
17,3,42.158518733828345
17,4,0.0
17,5,61.4227538209136
17,6,32.77765666100802
17,7,28.08715461910652
17,8,0.0
17,9,0.0
17,10,90.38992674339819
17,11,0.0
17,12,148.181536867485
17,13,13.4932606466147
17,14,158.86662140972683
17,15,42.994980596725405
17,16,10.960160858878243
17,17,682.1486641670817
17,18,50.811708913182976
17,19,18.070333117652854
17,20,108.09524843257903
17,21,11.589206998480318
17,22,11.533293831690933
17,23,21.38421122301952
17,24,0.0
17,25,0.0
17,26,65.78827772983811
17,27,44.159624856362505
17,28,22.469412611499067
17,29,0.0
17,30,0.0
17,31,293.7649083545022
17,32,29.3032714721051
17,33,66.44457917302982
17,34,31.91238398238601
17,35,40.28947675957595
17,36,0.0
17,37,0.0
17,38,40.181252586257386
17,39,79.24323478947758
17,40,39.34558058961972
17,41,314.8697148708172
17,42,18.24690402208907
17,43,23.734775985918635
17,44,60.47691800311853
17,45,0.0
17,46,46.43943855713695
17,47,21.125428386313388
17,48,0.0
17,49,35.934799359360674
17,50,31.05025258851331
17,51,18.342219704294926
17,52,76.21023785104724
17,53,0.0
17,54,66.73204212328179
17,55,84.64112544340445
17,56,14.34031987334685
17,57,11.735568615334426
17,58,0.0
17,59,98.4899494688993
17,60,0.0
17,61,92.84983247940538
17,62,0.0
17,63,0.0
17,64,0.0
17,65,0.0
17,66,33.01292385403798
17,67,0.0
17,68,0.0
17,69,78.07346864915718
17,70,0.0
17,71,11.57925650159719
17,72,6.274083019798602
17,73,462.74628102723324
17,74,261.0104315994407
17,75,107.18202216444377
17,76,59.59326066412924
17,77,109.88984049501028
17,78,41.40458874056918
17,79,0.0
17,80,0.0
17,81,60.97283075134118
17,82,45.888166687336614
17,83,11.69904752805734
17,84,34.914070371730304
17,85,21.380625282955773
17,86,0.0
17,87,257.5864327512634
17,88,0.0
17,89,216.71038706645317
17,90,11.05178523612249
17,91,228.87291449545802
17,92,26.602951678633328
17,93,29.672999729574173
17,94,105.4085911247076
17,95,50.64571184399624
17,96,25.03855199933235
17,97,40.17313298791668
17,98,45.962925422101584
17,99,0.0
17,100,25.194037280313538
17,101,13.938090056009534
17,102,0.0
17,103,39.15619685332157
17,104,35.95924508049502
17,105,67.4149783234354
17,106,451.0148948960257
17,107,6.38508676997908
17,108,13.55346077280575
17,109,46.149929207470976
17,110,0.0
17,111,268.86463219936263
17,112,7.558008573545744
17,113,10.27750251856922
17,114,52.40186551981937
17,115,234.2823366820248
17,116,26.45383098475194
17,117,32.77809476860206
18,0,82.80184905810219
18,1,20.329711801390157
18,2,42.482517503414364
18,3,39.57130682476447
18,4,0.0
18,5,157.24855973831535
18,6,38.334145578049025
18,7,341.73214555472566
18,8,0.0
18,9,0.0
18,10,92.79939228182117
18,11,0.0
18,12,127.44982184254324
18,13,18.695161321666045
18,14,170.00517365441158
18,15,39.28065536072809
18,16,10.274974377157506
18,17,81.81613397059147
18,18,144.76682592756742
18,19,22.00827445886644
18,20,369.5491400047312
18,21,16.846972829339524
18,22,11.929612701194781
18,23,14.082540362865043
18,24,0.0
18,25,0.0
18,26,79.74714004770603
18,27,76.48493866548449
18,28,34.922757696459264
18,29,0.0
18,30,0.0
18,31,58.28481738127812
18,32,37.101604322265764
18,33,127.05332360342555
18,34,87.2759756293899
18,35,36.339657305056356
18,36,0.0
18,37,0.0
18,38,29.41010710667636
18,39,68.78144539595716
18,40,48.09037296571521
18,41,95.5896224081311
18,42,24.595784063859718
18,43,29.543149720428847
18,44,71.94113965048396
18,45,0.0
18,46,47.93350368741049
18,47,25.94423168414501
18,48,0.0
18,49,20.61254102522693
18,50,19.454431156012543
18,51,18.22977141346066
18,52,22.67236523904953
18,53,0.0
18,54,69.10413578051536
18,55,118.33725889950622
18,56,12.63122408222837
18,57,25.96418184748994
18,58,0.0
18,59,90.44559039228616
18,60,0.0
18,61,89.2150875363364
18,62,0.0
18,63,0.0
18,64,0.0
18,65,0.0
18,66,38.23340007970086
18,67,0.0
18,68,0.0
18,69,129.34845462052462
18,70,0.0
18,71,20.16264838216952
18,72,5.650526756120564
18,73,86.88869014138652
18,74,78.57563662950415
18,75,75.56118095409741
18,76,90.23842687417861
18,77,102.19671244947075
18,78,47.91469568882889
18,79,0.0
18,80,0.0
18,81,127.88452484212203
18,82,19.280796379519515
18,83,17.27681453163614
18,84,29.725467540618055
18,85,34.972008335769274
18,86,0.0
18,87,87.35873424834767
18,88,0.0
18,89,193.35914203448507
18,90,12.1968073537291
18,91,64.81271673311733
18,92,12.93666453852031
18,93,60.74162484071387
18,94,78.2394872529845
18,95,58.454275466867394
18,96,15.550917345483569
18,97,46.42353822824544
18,98,60.33934108026884
18,99,0.0
18,100,29.563195253437712
18,101,5.034879990841273
18,102,0.0
18,103,59.27699730119187
18,104,29.22041371517137
18,105,58.67215474973822
18,106,65.7490317925838
18,107,2.44190114476931
18,108,8.867798497754006
18,109,53.104000639063116
18,110,0.0
18,111,68.87757239359479
18,112,6.95634210519214
18,113,8.745134287314874
18,114,30.941010002982317
18,115,199.29522499205527
18,116,19.00077752353755
18,117,30.254387181321608
19,0,51.09013585375647
19,1,18.839517511879695
19,2,40.030187056314865
19,3,40.52656841984262
19,4,0.0
19,5,41.47151177532475
19,6,18.944966620157782
19,7,28.4108858476458
19,8,0.0
19,9,0.0
19,10,68.46441725092261
19,11,0.0
19,12,32.49995895261278
19,13,12.704069024735883
19,14,87.2099325421231
19,15,19.302713732767593
19,16,11.084822902967518
19,17,54.705476754558326
19,18,43.345255123796086
19,19,17.5976229103184
19,20,13.449389747055275
19,21,10.873294962319923
19,22,7.066066300730719
19,23,10.81595763867869
19,24,0.0
19,25,0.0
19,26,68.67699099439987
19,27,16.43359942798462
19,28,19.775092396516822
19,29,0.0
19,30,0.0
19,31,60.11158994865232
19,32,21.23684293531175
19,33,57.83420658633013
19,34,37.919422166113385
19,35,27.723402231696262
19,36,0.0
19,37,0.0
19,38,23.224792973135276
19,39,64.03396982016467
19,40,31.533452644560743
19,41,87.93629437607837
19,42,18.507848041201598
19,43,15.524848446480844
19,44,59.5132673433892
19,45,0.0
19,46,34.07882628385487
19,47,18.78356111961801
19,48,0.0
19,49,16.64577874275475
19,50,16.059101259838958
19,51,17.985766484387575
19,52,17.24918318723117
19,53,0.0
19,54,53.6031436192322
19,55,72.48385738656958
19,56,9.813029895444005
19,57,10.865235327621575
19,58,0.0
19,59,74.47742636765153
19,60,0.0
19,61,65.38480634944474
19,62,0.0
19,63,0.0
19,64,0.0
19,65,0.0
19,66,25.929870291976364
19,67,0.0
19,68,0.0
19,69,76.06567391062296
19,70,0.0
19,71,9.760019279113838
19,72,5.345960270245764
19,73,79.53843659575358
19,74,44.94151652210426
19,75,63.91869296134652
19,76,52.09917099388556
19,77,78.90814301301053
19,78,32.86794878373456
19,79,0.0
19,80,0.0
19,81,40.670408264310126
19,82,20.118497367456644
19,83,10.99745840231309
19,84,26.934164918209227
19,85,22.08646178731644
19,86,0.0
19,87,46.288623336464084
19,88,0.0
19,89,173.66765360355888
19,90,8.593636179743608
19,91,55.50008994634863
19,92,13.087869282149729
19,93,37.435910926902324
19,94,38.21973848034804
19,95,35.23225585989388
19,96,14.977523832280864
19,97,28.86840794521091
19,98,44.46724532704554
19,99,0.0
19,100,22.836424315801562
19,101,5.020114440738857
19,102,0.0
19,103,38.49584551644135
19,104,28.5391253225329
19,105,38.36450899256207
19,106,46.76997673549553
19,107,1.7539327009069792
19,108,6.056370589873832
19,109,42.503500624868074
19,110,0.0
19,111,62.6754765930472
19,112,5.070186382003806
19,113,8.790132152911985
19,114,19.16205357256288
19,115,174.7588413119708
19,116,17.119320825543657
19,117,30.089655436361806
20,0,114.14013558237127
20,1,31.248401919347785
20,2,75.7004862724394
20,3,43.792810209084465
20,4,0.0
20,5,47.2734197883082
20,6,43.815569685082295
20,7,26.154631345058387
20,8,0.0
20,9,0.0
20,10,124.79962908644815
20,11,0.0
20,12,70.57964735917477
20,13,15.47472205339985
20,14,104.0344743661638
20,15,81.91618050062034
20,16,43.23885055697896
20,17,57.730287510862226
20,18,150.4556807438472
20,19,21.992945037464413
20,20,19.603199897485496
20,21,13.544852959913438
20,22,79.6419586113734
20,23,14.863119996500961
20,24,0.0
20,25,0.0
20,26,75.8624286929146
20,27,17.465532791888926
20,28,58.58020040228014
20,29,0.0
20,30,0.0
20,31,64.71215767247251
20,32,61.76273780152891
20,33,67.63990848317113
20,34,140.32259953965374
20,35,33.00676742245019
20,36,0.0
20,37,0.0
20,38,46.85968282940499
20,39,86.96191470795029
20,40,81.88807826909763
20,41,129.30161904512536
20,42,34.10566996686861
20,43,25.31333120538578
20,44,53.87676067733209
20,45,0.0
20,46,39.92572959013192
20,47,25.85227200082431
20,48,0.0
20,49,23.21038132351327
20,50,31.50612498681239
20,51,22.28091346802908
20,52,47.46731479330093
20,53,0.0
20,54,85.37264332363088
20,55,332.1873596658667
20,56,33.98920335224415
20,57,14.356517038274562
20,58,0.0
20,59,137.0272317598919
20,60,0.0
20,61,185.8068288110873
20,62,0.0
20,63,0.0
20,64,0.0
20,65,0.0
20,66,39.847056156409046
20,67,0.0
20,68,0.0
20,69,71.82139393852812
20,70,0.0
20,71,13.116071888262463
20,72,13.139359055760018
20,73,269.1429312612672
20,74,45.24085133613072
20,75,105.51801490256533
20,76,93.77819998475924
20,77,80.20541910904232
20,78,42.999211888892994
20,79,0.0
20,80,0.0
20,81,60.09793410188215
20,82,19.17728459420792
20,83,23.05849917995347
20,84,27.75578394413825
20,85,24.985467814599016
20,86,0.0
20,87,55.30103288867374
20,88,0.0
20,89,258.76318167754766
20,90,9.981720832618189
20,91,106.13961202863285
20,92,47.71866479687242
20,93,31.394762099564915
20,94,77.61943138095643
20,95,73.85757732190615
20,96,20.17035804377283
20,97,39.089340377348904
20,98,351.3536372455575
20,99,0.0
20,100,22.679372774470018
20,101,7.770145925031469
20,102,0.0
20,103,109.95392173417584
20,104,44.56577257339864
20,105,39.798578247312875
20,106,168.35135829916064
20,107,2.480123233429937
20,108,11.107019405013153
20,109,54.78575975479579
20,110,0.0
20,111,83.00647229047094
20,112,6.95869042790373
20,113,8.334558675481286
20,114,42.15457521409436
20,115,399.9549207975402
20,116,22.918521299104707
20,117,134.39278879839048
