omega,e_id,c_ew
1,0,9.335086439279936
1,1,23.689983552151077
1,2,115.19851470506109
1,3,9.111227513092613
1,4,18.65328828438555
1,5,49.286468015961646
1,6,29.954459610211682
1,7,31.174795313924847
1,8,15.121099704499802
1,9,13.97623599850758
1,10,53.04028843803754
1,11,16.227476322421673
1,12,6.342716638572574
1,13,31.23385036385334
1,14,13.473676009487113
1,15,13.776684352653906
1,16,4.0022270634627235
1,17,4.843678027221955
1,18,11.598806535269196
1,19,22.319909812593934
1,20,5.951248505427074
1,21,20.67031055612789
1,22,18.93315410831389
1,23,8.100420009921653
1,24,25.302749627202914
1,25,11.545102966568834
1,26,10.410525467580996
1,27,5.920140333789496
1,28,17.30280670342869
1,29,12.663691650551485
1,30,6.489694150396352
1,31,11.510588653827483
1,32,10.724677851829538
1,33,19.708769226127327
1,34,11.469646171991675
1,35,6.2964805771537335
1,36,32.203728241061256
1,37,8.129061439529805
1,38,9.316797912909813
1,39,12.973143131164367
1,40,7.747224222920108
1,41,3.992644368877129
1,42,97.18064000769782
1,43,19.668280107479223
1,44,7.078048697706987
1,45,34.81778120442286
1,46,110.19791831815131
1,47,9.734667100739632
1,48,6.006831989886087
1,49,18.4799730895243
1,50,17.566805758241028
1,51,20.43398803874013
1,52,5.94869616705544
1,53,7.195326449531573
1,54,4.155523765468764
1,55,6.0234428333943315
1,56,10.34958719060283
1,57,7.932721402772411
1,58,7.897302803030551
1,59,5.411277816626134
1,60,16.260078369501787
1,61,3.3316662377247273
1,62,5.450865564815196
1,63,21.276345447315116
1,64,13.959395130807753
1,65,6.986424298014444
1,66,18.431871812694904
1,67,6.007056703372362
1,68,7.78816730339111
1,69,3.3142961433203824
1,70,14.20113938115283
1,71,101.92565030715075
1,72,65.26152616602052
1,73,10.61139610042176
1,74,7.482244982720484
1,75,10.270418240597591
1,76,14.336312294816308
1,77,4.253250773839673
1,78,4.339895468260637
1,79,4.681424497462619
1,80,6.731997966283823
1,81,6.329507616974946
1,82,74.76646811673893
1,83,17.058581393867726
1,84,26.152886036495406
1,85,52.27665044592318
1,86,10.040847928305505
1,87,34.97227825518164
1,88,10.95448007221778
1,89,4.627589181917897
1,90,8.41472632615754
1,91,9.928895093712912
1,92,64.4043639186908
1,93,3.3710379073160857
1,94,3.0373472504094106
1,95,8.139644966622411
1,96,2.4373269610320585
1,97,27.406173537288037
1,98,5.174864692985346
1,99,5.476659063730898
1,100,21.61593701947744
1,101,7.791395169277701
1,102,7.174024243628796
1,103,8.235595662090587
1,104,25.650290412442658
1,105,6.952551069619169
1,106,10.455289829495038
1,107,5.1065674128909055
1,108,83.97091657896303
1,109,39.24587717900338
1,110,19.679121382760098
1,111,15.04748332513083
1,112,48.55141291345137
1,113,11.512211477790869
1,114,24.55641144870149
1,115,7.358759918758216
1,116,6.625624136252598
1,117,16.263524479003348
1,118,8.33099364256364
1,119,9.755137320345783
1,120,5.675177850692603
1,121,14.179871089429064
1,122,5.465203906520873
1,123,11.667064212396303
1,124,19.536591462063846
1,125,7.608467930646752
1,126,11.535819284222889
1,127,6.709659459589519
1,128,12.76032875677693
1,129,24.051122303998874
1,130,5.3955455978182565
1,131,18.909683559937026
1,132,11.843335441410144
1,133,10.706573707643447
1,134,9.016212789150403
1,135,4.855244963743628
1,136,3.2252235384656225
1,137,18.25188938528602
1,138,18.564860084199914
1,139,10.031508716805083
1,140,5.3529161170813975
1,141,11.749065785717356
1,142,8.24164993661379
1,143,18.410875758010935
1,144,9.360157745478404
1,145,20.86254419808967
1,146,5.063108846651082
1,147,6.119120703002997
1,148,6.181473930531498
1,149,4.583407064592856
1,150,22.447468994565963
1,151,17.6532109093169
1,152,5.5295112297708835
1,153,14.996177425960493
1,154,5.905297290469313
1,155,36.674698156910786
1,156,6.215392050104435
1,157,13.885189922040384
1,158,13.515177851525923
1,159,13.635221163208834
1,160,30.485384993731984
1,161,5.242696360909671
1,162,16.192669382696234
1,163,13.468272201224387
1,164,98.17012288708167
1,165,7.5078365216754035
1,166,20.07475369845473
1,167,17.62902487163205
1,168,37.78415502490806
1,169,29.5092661167565
1,170,26.444782558501736
1,171,27.280484551084133
1,172,28.15340544646653
1,173,37.54974078471711
1,174,27.41803385947058
1,175,28.606518854768165
1,176,25.17381706048662
1,177,5.029815253329526
1,178,216.44314469088692
2,0,20.02
2,1,47.1698
2,2,250.6266
2,3,18.5186
2,4,37.037
2,5,96.1538
2,6,65.5738
2,7,62.1118
2,8,29.0698
2,9,29.3256
2,10,102.0408
2,11,32.4676
2,12,12.5
2,13,58.8236
2,14,27.3598
2,15,28.2886
2,16,8.1834
2,17,10.2564
2,18,23.9808
2,19,45.7666
2,20,11.105
2,21,39.604
2,22,40.568
2,23,17.094
2,24,50.7614
2,25,23.5572
2,26,20.6186
2,27,12.5786
2,28,40.6504
2,29,25.0
2,30,12.27
2,31,23.3918
2,32,21.209
2,33,39.6826
2,34,23.2558
2,35,12.796
2,36,60.423
2,37,17.346
2,38,20.3046
2,39,26.49
2,40,16.0772
2,41,8.0972
2,42,196.0784
2,43,40.2414
2,44,14.0846
2,45,74.6268
2,46,212.766
2,47,18.868
2,48,11.9048
2,49,37.037
2,50,33.0578
2,51,41.0678
2,52,10.929
2,53,14.8148
2,54,8.15
2,55,11.8976
2,56,22.1976
2,57,14.7492
2,58,15.748
2,59,10.582
2,60,32.0
2,61,6.192
2,62,10.7526
2,63,39.604
2,64,26.5958
2,65,14.5986
2,66,34.0136
2,67,12.2324
2,68,16.3934
2,69,6.9204
2,70,28.2886
2,71,209.424
2,72,132.4504
2,73,20.704
2,74,14.9254
2,75,20.704
2,76,27.8164
2,77,8.7222
2,78,7.9682
2,79,9.2678
2,80,13.7932
2,81,13.3334
2,82,148.1482
2,83,35.6506
2,84,53.1914
2,85,100.0
2,86,20.284
2,87,66.2252
2,88,21.7628
2,89,9.1744
2,90,17.094
2,91,19.7044
2,92,125.0
2,93,7.1994
2,94,6.1728
2,95,15.748
2,96,4.8602
2,97,56.338
2,98,10.204
2,99,11.1112
2,100,44.0528
2,101,15.1172
2,102,14.1844
2,103,16.3934
2,104,49.261
2,105,13.5136
2,106,19.802
2,107,10.005
2,108,161.2904
2,109,81.9672
2,110,41.2372
2,111,28.409
2,112,99.01
2,113,23.4466
2,114,54.5702
2,115,15.1516
2,116,13.5136
2,117,31.2012
2,118,16.2602
2,119,19.6078
2,120,11.5606
2,121,28.0898
2,122,10.6382
2,123,23.9234
2,124,39.604
2,125,15.7232
2,126,23.585
2,127,12.6582
2,128,27.3224
2,129,46.083
2,130,10.989
2,131,37.7358
2,132,23.015
2,133,21.4132
2,134,18.5186
2,135,9.7088
2,136,6.7796
2,137,34.4828
2,138,36.563
2,139,22.5988
2,140,11.1732
2,141,24.6002
2,142,15.8478
2,143,35.7782
2,144,17.8572
2,145,38.0952
2,146,9.804
2,147,12.6262
2,148,12.3076
2,149,8.7336
2,150,52.91
2,151,36.563
2,152,10.929
2,153,28.4496
2,154,10.929
2,155,69.4444
2,156,11.0314
2,157,26.2468
2,158,26.49
2,159,31.25
2,160,66.4452
2,161,9.8522
2,162,32.6798
2,163,26.9906
2,164,192.3076
2,165,14.2858
2,166,41.58
2,167,36.7648
2,168,76.047
2,169,54.5376
2,170,53.6942
2,171,57.041
2,172,53.9724
2,173,75.7634
2,174,57.8118
2,175,57.8118
2,176,57.8118
2,177,9.6432
2,178,493.8272
3,0,9.83137100100824
3,1,23.28395041532991
3,2,121.6347103710384
3,3,9.343366625434435
3,4,18.787424760396124
3,5,51.04841849123608
3,6,34.80345230157866
3,7,29.61728053116524
3,8,14.131516163054256
3,9,13.6583664165711
3,10,56.331151446085606
3,11,16.03211277339746
3,12,5.7830764716572025
3,13,28.850692494532034
3,14,13.364200497555183
3,15,14.584662969766176
3,16,3.9286584420023156
3,17,5.003631407031625
3,18,11.178241109099746
3,19,21.647825681097093
3,20,5.351270430682602
3,21,18.801119478211394
3,22,20.3876588472148
3,23,7.960616643827753
3,24,27.280460185058807
3,25,12.033292018144977
3,26,11.054582386099222
3,27,6.569025108135525
3,28,20.668463177081517
3,29,11.75167870698084
3,30,5.817067975714937
3,31,12.030882902578648
3,32,10.243771960652634
3,33,20.581643520311548
3,34,11.036131732997639
3,35,5.758664606652029
3,36,28.891161493430143
3,37,8.228567148854077
3,38,10.060493403418944
3,39,13.105782428397362
3,40,7.839830152011003
3,41,4.222100020026667
3,42,95.44336853930271
3,43,19.158132236017497
3,44,7.528185144113278
3,45,39.234983084112024
3,46,114.47165652116068
3,47,9.207507753160982
3,48,6.037898821180928
3,49,20.343820836189245
3,50,17.26680702273692
3,51,20.673520614890233
3,52,5.656477368545346
3,53,6.950485421943847
3,54,4.298100833845829
3,55,5.822375843901537
3,56,10.563705920771543
3,57,7.169039047461753
3,58,8.661146123805388
3,59,4.938532490618982
3,60,17.319311176522522
3,61,2.6827144564908574
3,62,5.456908150566442
3,63,19.256381321872954
3,64,14.502623703767448
3,65,7.676624583322925
3,66,17.409916070146863
3,67,5.923348668329564
3,68,8.064265643433409
3,69,3.222538230902828
3,70,14.58688704693097
3,71,101.16383875977097
3,72,62.20738901743931
3,73,10.254438552779384
3,74,7.703986613451667
3,75,11.0910606541277
3,76,14.379988500344316
3,77,4.340085739105537
3,78,3.7053355045484424
3,79,4.743352222097703
3,80,6.734936242142198
3,81,6.152830378341306
3,82,67.7609139404951
3,83,17.838628241851932
3,84,28.386426929103038
3,85,49.990716345980026
3,86,11.750187109368618
3,87,36.360305130598704
3,88,11.476254259534036
3,89,4.726880405331186
3,90,8.926851373994168
3,91,10.344901535166125
3,92,62.60839561039326
3,93,3.776272693476829
3,94,2.9255872265457055
3,95,7.426110368594638
3,96,2.4433029061365894
3,97,27.96156452554372
3,98,4.803069879102272
3,99,5.413881137466053
3,100,21.664358374152087
3,101,8.305200123486694
3,102,7.432050869660998
3,103,8.450037228976704
3,104,23.587168502894556
3,105,6.349450158664981
3,106,9.458290594171814
3,107,5.054667276187239
3,108,85.0022499914942
3,109,37.637981208431945
3,110,21.211366589467715
3,111,14.299743052177359
3,112,51.1945506380319
3,113,11.08182496075078
3,114,27.609368649182095
3,115,7.808490469260227
3,116,6.963497482461221
3,117,15.757628778742882
3,118,7.924304811414909
3,119,9.863570698795142
3,120,6.2010307826955815
3,121,13.962286633518497
3,122,4.977771701209305
3,123,12.27005739375694
3,124,20.451975867104704
3,125,8.085409228271018
3,126,11.432030202299332
3,127,6.362127182681989
3,128,14.332935403937697
3,129,21.071138994711557
3,130,5.322052561489047
3,131,17.896462225207735
3,132,12.317347315414397
3,133,10.734152808872778
3,134,8.78888857331092
3,135,4.858500118879173
3,136,3.4787630625478707
3,137,17.38905232828279
3,138,18.57089975900402
3,139,10.461226305852174
3,140,5.657654471554951
3,141,12.497567939289842
3,142,8.145911652908355
3,143,17.82090831043782
3,144,10.012932737832617
3,145,19.94237592048654
3,146,4.776300844727916
3,147,6.271628885606108
3,148,5.981983953183943
3,149,4.493402583584898
3,150,29.215378592592312
3,151,16.414762155015936
3,152,5.7685908375019
3,153,13.9608267421887
3,154,5.705467952642902
3,155,33.44640642754156
3,156,5.036175623684308
3,157,12.752049492855296
3,158,12.339223810692792
3,159,16.035666072770486
3,160,33.001313479477176
3,161,4.947443390393644
3,162,18.179378805025507
3,163,13.819714555126776
3,164,97.98610535166844
3,165,7.347236548643064
3,166,22.112051006501737
3,167,20.390843597774776
3,168,36.43414467370272
3,169,28.236628390871616
3,170,30.19765972765362
3,171,26.731525367800817
3,172,26.021646515695327
3,173,37.62897740339398
3,174,31.056610233872835
3,175,27.31016531508154
3,176,28.837456448559326
3,177,4.901746542081946
3,178,229.40332085491158
4,0,20.02
4,1,47.1698
4,2,250.6266
4,3,18.5186
4,4,37.037
4,5,96.1538
4,6,65.5738
4,7,62.1118
4,8,29.0698
4,9,29.3256
4,10,102.0408
4,11,32.4676
4,12,12.5
4,13,58.8236
4,14,27.3598
4,15,28.2886
4,16,8.1834
4,17,10.2564
4,18,23.9808
4,19,45.7666
4,20,11.105
4,21,39.604
4,22,40.568
4,23,17.094
4,24,50.7614
4,25,23.5572
4,26,20.6186
4,27,12.5786
4,28,40.6504
4,29,25.0
4,30,12.27
4,31,23.3918
4,32,21.209
4,33,39.6826
4,34,23.2558
4,35,12.796
4,36,60.423
4,37,17.346
4,38,20.3046
4,39,26.49
4,40,16.0772
4,41,8.0972
4,42,196.0784
4,43,40.2414
4,44,14.0846
4,45,74.6268
4,46,212.766
4,47,18.868
4,48,11.9048
4,49,37.037
4,50,33.0578
4,51,41.0678
4,52,10.929
4,53,14.8148
4,54,8.15
4,55,11.8976
4,56,22.1976
4,57,14.7492
4,58,15.748
4,59,10.582
4,60,32.0
4,61,6.192
4,62,10.7526
4,63,39.604
4,64,26.5958
4,65,14.5986
4,66,34.0136
4,67,12.2324
4,68,16.3934
4,69,6.9204
4,70,28.2886
4,71,209.424
4,72,132.4504
4,73,20.704
4,74,14.9254
4,75,20.704
4,76,27.8164
4,77,8.7222
4,78,7.9682
4,79,9.2678
4,80,13.7932
4,81,13.3334
4,82,148.1482
4,83,35.6506
4,84,53.1914
4,85,100.0
4,86,20.284
4,87,66.2252
4,88,21.7628
4,89,9.1744
4,90,17.094
4,91,19.7044
4,92,125.0
4,93,7.1994
4,94,6.1728
4,95,15.748
4,96,4.8602
4,97,56.338
4,98,10.204
4,99,11.1112
4,100,44.0528
4,101,15.1172
4,102,14.1844
4,103,16.3934
4,104,49.261
4,105,13.5136
4,106,19.802
4,107,10.005
4,108,161.2904
4,109,81.9672
4,110,41.2372
4,111,28.409
4,112,99.01
4,113,23.4466
4,114,54.5702
4,115,15.1516
4,116,13.5136
4,117,31.2012
4,118,16.2602
4,119,19.6078
4,120,11.5606
4,121,28.0898
4,122,10.6382
4,123,23.9234
4,124,39.604
4,125,15.7232
4,126,23.585
4,127,12.6582
4,128,27.3224
4,129,46.083
4,130,10.989
4,131,37.7358
4,132,23.015
4,133,21.4132
4,134,18.5186
4,135,9.7088
4,136,6.7796
4,137,34.4828
4,138,36.563
4,139,22.5988
4,140,11.1732
4,141,24.6002
4,142,15.8478
4,143,35.7782
4,144,17.8572
4,145,38.0952
4,146,9.804
4,147,12.6262
4,148,12.3076
4,149,8.7336
4,150,52.91
4,151,36.563
4,152,10.929
4,153,28.4496
4,154,10.929
4,155,69.4444
4,156,11.0314
4,157,26.2468
4,158,26.49
4,159,31.25
4,160,66.4452
4,161,9.8522
4,162,32.6798
4,163,26.9906
4,164,192.3076
4,165,14.2858
4,166,41.58
4,167,36.7648
4,168,76.047
4,169,54.5376
4,170,53.6942
4,171,57.041
4,172,53.9724
4,173,75.7634
4,174,57.8118
4,175,57.8118
4,176,57.8118
4,177,9.6432
4,178,493.8272
5,0,10.659331852641147
5,1,25.076204341041443
5,2,130.38716221643918
5,3,8.886778577523962
5,4,19.17962854330118
5,5,47.253002660292005
5,6,32.015472670743534
5,7,29.787346461451072
5,8,14.805761457617418
5,9,15.414879836605472
5,10,51.5689467926555
5,11,16.800718429749573
5,12,6.784088643461765
5,13,29.224743686230656
5,14,12.632005546364955
5,15,12.779720611061798
5,16,4.097197769662534
5,17,5.216438046394254
5,18,12.389638345773681
5,19,22.673887158014345
5,20,5.452113728488047
5,21,18.313819074270743
5,22,18.0585192789132
5,23,8.290686696674364
5,24,24.18008342610662
5,25,11.796464234094042
5,26,10.200846917021126
5,27,5.967479472051443
5,28,21.966505877192958
5,29,13.419726910957596
5,30,5.942393583923854
5,31,10.913657750459961
5,32,11.431584208749983
5,33,18.71495679687773
5,34,10.471834412162668
5,35,5.6434679757034045
5,36,28.277346679086445
5,37,8.997579192059925
5,38,9.877788286467442
5,39,13.184325831714228
5,40,8.394701661761918
5,41,4.134952795694116
5,42,92.77219466513772
5,43,20.687346481951206
5,44,7.225672898441157
5,45,41.182123130215224
5,46,107.64010997019871
5,47,9.65508520844579
5,48,5.955828686670912
5,49,17.232020096492477
5,50,15.789288776321452
5,51,19.316925647999685
5,52,5.4541459128210485
5,53,7.4305616823300875
5,54,4.522681371597315
5,55,6.2921214726227985
5,56,12.72243762201595
5,57,7.056419984598408
5,58,8.327910642383635
5,59,5.317053672118912
5,60,15.605236205060555
5,61,3.0614309056548765
5,62,5.6318236835701585
5,63,19.657679974373274
5,64,12.484389568218269
5,65,7.120694803983155
5,66,17.967338838093994
5,67,5.813922205347004
5,68,8.442392971831701
5,69,3.4317257552839706
5,70,14.266981611030829
5,71,112.22285936341076
5,72,63.86191567587504
5,73,10.47904243777095
5,74,8.514061983576214
5,75,9.63819068987607
5,76,14.52007921017936
5,77,4.03745414871273
5,78,3.7612842054565307
5,79,4.699832034377117
5,80,6.741205476598212
5,81,7.022397037089947
5,82,78.61832973153696
5,83,15.973095018857986
5,84,23.750363311744458
5,85,53.691124841082186
5,86,10.109390110721533
5,87,33.84359303762245
5,88,11.64216711688296
5,89,4.831208062663233
5,90,9.130031362633686
5,91,10.21243340883168
5,92,59.75342017188205
5,93,3.4238471234504226
5,94,3.127811015714722
5,95,7.92145789129986
5,96,2.4428235606920476
5,97,28.152265790463122
5,98,5.185416534200432
5,99,4.932679983308471
5,100,21.981329974370144
5,101,8.182040231795767
5,102,6.768178657080646
5,103,8.210293882462166
5,104,23.703669563419215
5,105,6.641476696203368
5,106,9.910409285627576
5,107,5.300104871955288
5,108,78.43961441885509
5,109,41.70738893216532
5,110,20.09637298261141
5,111,15.003733069385634
5,112,51.67936014416813
5,113,10.760386043146976
5,114,26.493665431162846
5,115,7.466498792472616
5,116,6.544100711155413
5,117,15.809988789778275
5,118,7.9696965409761225
5,119,9.84106800831442
5,120,5.511386288212196
5,121,13.86851535245868
5,122,5.101778163502832
5,123,10.787917202251181
5,124,19.010619085360634
5,125,7.5434316940745605
5,126,10.989953566314231
5,127,6.294338300777638
5,128,14.909755663567363
5,129,22.85590306211514
5,130,5.3036124136443075
5,131,19.72004627825584
5,132,12.015207743387831
5,133,11.248769296060498
5,134,8.547333935192828
5,135,4.449512983490573
5,136,3.188164409554788
5,137,16.411213023853787
5,138,17.474706462961475
5,139,11.486968976512872
5,140,5.379362893723901
5,141,13.137904462078042
5,142,7.602793197703491
5,143,17.020945172368315
5,144,8.798099392049664
5,145,18.644963420101526
5,146,4.767516769813136
5,147,6.0946046571237815
5,148,6.090802374869677
5,149,4.214142128000439
5,150,26.312740594185367
5,151,18.362656397916858
5,152,5.113270511983818
5,153,14.902960290257727
5,154,5.319676973595348
5,155,34.49234914989274
5,156,5.625588222159101
5,157,12.58601408461408
5,158,12.930210087942674
5,159,15.906402847104369
5,160,33.52632566854497
5,161,4.742055724502534
5,162,16.337761064932852
5,163,13.345153625653703
5,164,94.03100471699939
5,165,6.982161731324652
5,166,18.64897311645285
5,167,18.394674544541434
5,168,41.05114432332596
5,169,28.729594000211215
5,170,26.806312566702932
5,171,28.599880367241447
5,172,27.95700667896103
5,173,37.892494870774556
5,174,28.955241475901992
5,175,28.241273082601865
5,176,29.401907874485847
5,177,4.7259460523800305
5,178,249.93588125639099
6,0,20.02
6,1,47.1698
6,2,250.6266
6,3,18.5186
6,4,37.037
6,5,96.1538
6,6,65.5738
6,7,62.1118
6,8,29.0698
6,9,29.3256
6,10,102.0408
6,11,32.4676
6,12,12.5
6,13,58.8236
6,14,27.3598
6,15,28.2886
6,16,8.1834
6,17,10.2564
6,18,23.9808
6,19,45.7666
6,20,11.105
6,21,39.604
6,22,40.568
6,23,17.094
6,24,50.7614
6,25,23.5572
6,26,20.6186
6,27,12.5786
6,28,40.6504
6,29,25.0
6,30,12.27
6,31,23.3918
6,32,21.209
6,33,39.6826
6,34,23.2558
6,35,12.796
6,36,60.423
6,37,17.346
6,38,20.3046
6,39,26.49
6,40,16.0772
6,41,8.0972
6,42,196.0784
6,43,40.2414
6,44,14.0846
6,45,74.6268
6,46,212.766
6,47,18.868
6,48,11.9048
6,49,37.037
6,50,33.0578
6,51,41.0678
6,52,10.929
6,53,14.8148
6,54,8.15
6,55,11.8976
6,56,22.1976
6,57,14.7492
6,58,15.748
6,59,10.582
6,60,32.0
6,61,6.192
6,62,10.7526
6,63,39.604
6,64,26.5958
6,65,14.5986
6,66,34.0136
6,67,12.2324
6,68,16.3934
6,69,6.9204
6,70,28.2886
6,71,209.424
6,72,132.4504
6,73,20.704
6,74,14.9254
6,75,20.704
6,76,27.8164
6,77,8.7222
6,78,7.9682
6,79,9.2678
6,80,13.7932
6,81,13.3334
6,82,148.1482
6,83,35.6506
6,84,53.1914
6,85,100.0
6,86,20.284
6,87,66.2252
6,88,21.7628
6,89,9.1744
6,90,17.094
6,91,19.7044
6,92,125.0
6,93,7.1994
6,94,6.1728
6,95,15.748
6,96,4.8602
6,97,56.338
6,98,10.204
6,99,11.1112
6,100,44.0528
6,101,15.1172
6,102,14.1844
6,103,16.3934
6,104,49.261
6,105,13.5136
6,106,19.802
6,107,10.005
6,108,161.2904
6,109,81.9672
6,110,41.2372
6,111,28.409
6,112,99.01
6,113,23.4466
6,114,54.5702
6,115,15.1516
6,116,13.5136
6,117,31.2012
6,118,16.2602
6,119,19.6078
6,120,11.5606
6,121,28.0898
6,122,10.6382
6,123,23.9234
6,124,39.604
6,125,15.7232
6,126,23.585
6,127,12.6582
6,128,27.3224
6,129,46.083
6,130,10.989
6,131,37.7358
6,132,23.015
6,133,21.4132
6,134,18.5186
6,135,9.7088
6,136,6.7796
6,137,34.4828
6,138,36.563
6,139,22.5988
6,140,11.1732
6,141,24.6002
6,142,15.8478
6,143,35.7782
6,144,17.8572
6,145,38.0952
6,146,9.804
6,147,12.6262
6,148,12.3076
6,149,8.7336
6,150,52.91
6,151,36.563
6,152,10.929
6,153,28.4496
6,154,10.929
6,155,69.4444
6,156,11.0314
6,157,26.2468
6,158,26.49
6,159,31.25
6,160,66.4452
6,161,9.8522
6,162,32.6798
6,163,26.9906
6,164,192.3076
6,165,14.2858
6,166,41.58
6,167,36.7648
6,168,76.047
6,169,54.5376
6,170,53.6942
6,171,57.041
6,172,53.9724
6,173,75.7634
6,174,57.8118
6,175,57.8118
6,176,57.8118
6,177,9.6432
6,178,493.8272
7,0,20.02
7,1,47.1698
7,2,250.6266
7,3,18.5186
7,4,37.037
7,5,96.1538
7,6,65.5738
7,7,62.1118
7,8,29.0698
7,9,29.3256
7,10,102.0408
7,11,32.4676
7,12,12.5
7,13,58.8236
7,14,27.3598
7,15,28.2886
7,16,8.1834
7,17,10.2564
7,18,23.9808
7,19,45.7666
7,20,11.105
7,21,39.604
7,22,40.568
7,23,17.094
7,24,50.7614
7,25,23.5572
7,26,20.6186
7,27,12.5786
7,28,40.6504
7,29,25.0
7,30,12.27
7,31,23.3918
7,32,21.209
7,33,39.6826
7,34,23.2558
7,35,12.796
7,36,60.423
7,37,17.346
7,38,20.3046
7,39,26.49
7,40,16.0772
7,41,8.0972
7,42,196.0784
7,43,40.2414
7,44,14.0846
7,45,74.6268
7,46,212.766
7,47,18.868
7,48,11.9048
7,49,37.037
7,50,33.0578
7,51,41.0678
7,52,10.929
7,53,14.8148
7,54,8.15
7,55,11.8976
7,56,22.1976
7,57,14.7492
7,58,15.748
7,59,10.582
7,60,32.0
7,61,6.192
7,62,10.7526
7,63,39.604
7,64,26.5958
7,65,14.5986
7,66,34.0136
7,67,12.2324
7,68,16.3934
7,69,6.9204
7,70,28.2886
7,71,209.424
7,72,132.4504
7,73,20.704
7,74,14.9254
7,75,20.704
7,76,27.8164
7,77,8.7222
7,78,7.9682
7,79,9.2678
7,80,13.7932
7,81,13.3334
7,82,148.1482
7,83,35.6506
7,84,53.1914
7,85,100.0
7,86,20.284
7,87,66.2252
7,88,21.7628
7,89,9.1744
7,90,17.094
7,91,19.7044
7,92,125.0
7,93,7.1994
7,94,6.1728
7,95,15.748
7,96,4.8602
7,97,56.338
7,98,10.204
7,99,11.1112
7,100,44.0528
7,101,15.1172
7,102,14.1844
7,103,16.3934
7,104,49.261
7,105,13.5136
7,106,19.802
7,107,10.005
7,108,161.2904
7,109,81.9672
7,110,41.2372
7,111,28.409
7,112,99.01
7,113,23.4466
7,114,54.5702
7,115,15.1516
7,116,13.5136
7,117,31.2012
7,118,16.2602
7,119,19.6078
7,120,11.5606
7,121,28.0898
7,122,10.6382
7,123,23.9234
7,124,39.604
7,125,15.7232
7,126,23.585
7,127,12.6582
7,128,27.3224
7,129,46.083
7,130,10.989
7,131,37.7358
7,132,23.015
7,133,21.4132
7,134,18.5186
7,135,9.7088
7,136,6.7796
7,137,34.4828
7,138,36.563
7,139,22.5988
7,140,11.1732
7,141,24.6002
7,142,15.8478
7,143,35.7782
7,144,17.8572
7,145,38.0952
7,146,9.804
7,147,12.6262
7,148,12.3076
7,149,8.7336
7,150,52.91
7,151,36.563
7,152,10.929
7,153,28.4496
7,154,10.929
7,155,69.4444
7,156,11.0314
7,157,26.2468
7,158,26.49
7,159,31.25
7,160,66.4452
7,161,9.8522
7,162,32.6798
7,163,26.9906
7,164,192.3076
7,165,14.2858
7,166,41.58
7,167,36.7648
7,168,76.047
7,169,54.5376
7,170,53.6942
7,171,57.041
7,172,53.9724
7,173,75.7634
7,174,57.8118
7,175,57.8118
7,176,57.8118
7,177,9.6432
7,178,493.8272
8,0,20.02
8,1,47.1698
8,2,250.6266
8,3,18.5186
8,4,37.037
8,5,96.1538
8,6,65.5738
8,7,62.1118
8,8,29.0698
8,9,29.3256
8,10,102.0408
8,11,32.4676
8,12,12.5
8,13,58.8236
8,14,27.3598
8,15,28.2886
8,16,8.1834
8,17,10.2564
8,18,23.9808
8,19,45.7666
8,20,11.105
8,21,39.604
8,22,40.568
8,23,17.094
8,24,50.7614
8,25,23.5572
8,26,20.6186
8,27,12.5786
8,28,40.6504
8,29,25.0
8,30,12.27
8,31,23.3918
8,32,21.209
8,33,39.6826
8,34,23.2558
8,35,12.796
8,36,60.423
8,37,17.346
8,38,20.3046
8,39,26.49
8,40,16.0772
8,41,8.0972
8,42,196.0784
8,43,40.2414
8,44,14.0846
8,45,74.6268
8,46,212.766
8,47,18.868
8,48,11.9048
8,49,37.037
8,50,33.0578
8,51,41.0678
8,52,10.929
8,53,14.8148
8,54,8.15
8,55,11.8976
8,56,22.1976
8,57,14.7492
8,58,15.748
8,59,10.582
8,60,32.0
8,61,6.192
8,62,10.7526
8,63,39.604
8,64,26.5958
8,65,14.5986
8,66,34.0136
8,67,12.2324
8,68,16.3934
8,69,6.9204
8,70,28.2886
8,71,209.424
8,72,132.4504
8,73,20.704
8,74,14.9254
8,75,20.704
8,76,27.8164
8,77,8.7222
8,78,7.9682
8,79,9.2678
8,80,13.7932
8,81,13.3334
8,82,148.1482
8,83,35.6506
8,84,53.1914
8,85,100.0
8,86,20.284
8,87,66.2252
8,88,21.7628
8,89,9.1744
8,90,17.094
8,91,19.7044
8,92,125.0
8,93,7.1994
8,94,6.1728
8,95,15.748
8,96,4.8602
8,97,56.338
8,98,10.204
8,99,11.1112
8,100,44.0528
8,101,15.1172
8,102,14.1844
8,103,16.3934
8,104,49.261
8,105,13.5136
8,106,19.802
8,107,10.005
8,108,161.2904
8,109,81.9672
8,110,41.2372
8,111,28.409
8,112,99.01
8,113,23.4466
8,114,54.5702
8,115,15.1516
8,116,13.5136
8,117,31.2012
8,118,16.2602
8,119,19.6078
8,120,11.5606
8,121,28.0898
8,122,10.6382
8,123,23.9234
8,124,39.604
8,125,15.7232
8,126,23.585
8,127,12.6582
8,128,27.3224
8,129,46.083
8,130,10.989
8,131,37.7358
8,132,23.015
8,133,21.4132
8,134,18.5186
8,135,9.7088
8,136,6.7796
8,137,34.4828
8,138,36.563
8,139,22.5988
8,140,11.1732
8,141,24.6002
8,142,15.8478
8,143,35.7782
8,144,17.8572
8,145,38.0952
8,146,9.804
8,147,12.6262
8,148,12.3076
8,149,8.7336
8,150,52.91
8,151,36.563
8,152,10.929
8,153,28.4496
8,154,10.929
8,155,69.4444
8,156,11.0314
8,157,26.2468
8,158,26.49
8,159,31.25
8,160,66.4452
8,161,9.8522
8,162,32.6798
8,163,26.9906
8,164,192.3076
8,165,14.2858
8,166,41.58
8,167,36.7648
8,168,76.047
8,169,54.5376
8,170,53.6942
8,171,57.041
8,172,53.9724
8,173,75.7634
8,174,57.8118
8,175,57.8118
8,176,57.8118
8,177,9.6432
8,178,493.8272
9,0,20.02
9,1,47.1698
9,2,250.6266
9,3,18.5186
9,4,37.037
9,5,96.1538
9,6,65.5738
9,7,62.1118
9,8,29.0698
9,9,29.3256
9,10,102.0408
9,11,32.4676
9,12,12.5
9,13,58.8236
9,14,27.3598
9,15,28.2886
9,16,8.1834
9,17,10.2564
9,18,23.9808
9,19,45.7666
9,20,11.105
9,21,39.604
9,22,40.568
9,23,17.094
9,24,50.7614
9,25,23.5572
9,26,20.6186
9,27,12.5786
9,28,40.6504
9,29,25.0
9,30,12.27
9,31,23.3918
9,32,21.209
9,33,39.6826
9,34,23.2558
9,35,12.796
9,36,60.423
9,37,17.346
9,38,20.3046
9,39,26.49
9,40,16.0772
9,41,8.0972
9,42,196.0784
9,43,40.2414
9,44,14.0846
9,45,74.6268
9,46,212.766
9,47,18.868
9,48,11.9048
9,49,37.037
9,50,33.0578
9,51,41.0678
9,52,10.929
9,53,14.8148
9,54,8.15
9,55,11.8976
9,56,22.1976
9,57,14.7492
9,58,15.748
9,59,10.582
9,60,32.0
9,61,6.192
9,62,10.7526
9,63,39.604
9,64,26.5958
9,65,14.5986
9,66,34.0136
9,67,12.2324
9,68,16.3934
9,69,6.9204
9,70,28.2886
9,71,209.424
9,72,132.4504
9,73,20.704
9,74,14.9254
9,75,20.704
9,76,27.8164
9,77,8.7222
9,78,7.9682
9,79,9.2678
9,80,13.7932
9,81,13.3334
9,82,148.1482
9,83,35.6506
9,84,53.1914
9,85,100.0
9,86,20.284
9,87,66.2252
9,88,21.7628
9,89,9.1744
9,90,17.094
9,91,19.7044
9,92,125.0
9,93,7.1994
9,94,6.1728
9,95,15.748
9,96,4.8602
9,97,56.338
9,98,10.204
9,99,11.1112
9,100,44.0528
9,101,15.1172
9,102,14.1844
9,103,16.3934
9,104,49.261
9,105,13.5136
9,106,19.802
9,107,10.005
9,108,161.2904
9,109,81.9672
9,110,41.2372
9,111,28.409
9,112,99.01
9,113,23.4466
9,114,54.5702
9,115,15.1516
9,116,13.5136
9,117,31.2012
9,118,16.2602
9,119,19.6078
9,120,11.5606
9,121,28.0898
9,122,10.6382
9,123,23.9234
9,124,39.604
9,125,15.7232
9,126,23.585
9,127,12.6582
9,128,27.3224
9,129,46.083
9,130,10.989
9,131,37.7358
9,132,23.015
9,133,21.4132
9,134,18.5186
9,135,9.7088
9,136,6.7796
9,137,34.4828
9,138,36.563
9,139,22.5988
9,140,11.1732
9,141,24.6002
9,142,15.8478
9,143,35.7782
9,144,17.8572
9,145,38.0952
9,146,9.804
9,147,12.6262
9,148,12.3076
9,149,8.7336
9,150,52.91
9,151,36.563
9,152,10.929
9,153,28.4496
9,154,10.929
9,155,69.4444
9,156,11.0314
9,157,26.2468
9,158,26.49
9,159,31.25
9,160,66.4452
9,161,9.8522
9,162,32.6798
9,163,26.9906
9,164,192.3076
9,165,14.2858
9,166,41.58
9,167,36.7648
9,168,76.047
9,169,54.5376
9,170,53.6942
9,171,57.041
9,172,53.9724
9,173,75.7634
9,174,57.8118
9,175,57.8118
9,176,57.8118
9,177,9.6432
9,178,493.8272
10,0,9.93506218913814
10,1,25.027231776175334
10,2,129.12841297512642
10,3,9.025690424571843
10,4,17.323619025697766
10,5,50.000034263098605
10,6,29.55420474410525
10,7,32.73773738630121
10,8,13.153586215788799
10,9,15.098419576976788
10,10,51.00256171388948
10,11,16.771699359120525
10,12,5.84889133081353
10,13,30.858129460850474
10,14,12.622109165161058
10,15,14.671857722747998
10,16,4.155585366072582
10,17,4.900516968310682
10,18,12.281973943802555
10,19,22.166068476341767
10,20,5.456860529522231
10,21,21.184653220672786
10,22,19.904331264608864
10,23,8.538720365480748
10,24,26.314906207774527
10,25,11.508373556358913
10,26,11.288249628870943
10,27,6.502373160307939
10,28,20.233977379333425
10,29,12.14284281982296
10,30,6.077682200991265
10,31,11.017266656479734
10,32,10.33512006431026
10,33,19.860803602690726
10,34,11.748686666325908
10,35,6.692133762654697
10,36,27.171699561143647
10,37,8.859638919874998
10,38,10.310457497201602
10,39,13.003555597357085
10,40,8.641397081416118
10,41,4.0158538931557
10,42,100.42723038418761
10,43,21.543166510254995
10,44,6.912421246550831
10,45,37.95988165975825
10,46,116.6749840436418
10,47,9.112529623880908
10,48,5.884225768723372
10,49,18.65361925523212
10,50,17.567430245752654
10,51,21.295655100398886
10,52,5.465035909043791
10,53,7.531639205724839
10,54,4.089902650401189
10,55,5.79553586018696
10,56,9.508324022470944
10,57,6.6333392661374
10,58,7.91912986346717
10,59,4.678901069001588
10,60,16.242512639493764
10,61,3.0165440432988406
10,62,5.032126872068936
10,63,20.070106715982536
10,64,13.03490094392593
10,65,7.167471486135645
10,66,16.286317352256177
10,67,6.172764769277339
10,68,8.813814533665727
10,69,3.7825090991731525
10,70,15.282165898847975
10,71,98.5046552385444
10,72,66.09404082653126
10,73,11.2437024761126
10,74,7.261357876670377
10,75,11.171886431117603
10,76,14.116735390129518
10,77,4.169878198169835
10,78,4.084336770413734
10,79,4.478328356945039
10,80,7.18778017156481
10,81,6.669389569630087
10,82,73.90930647427825
10,83,17.229208257895575
10,84,27.685919582963717
10,85,47.811121853127105
10,86,10.999190693570329
10,87,34.847826079712725
10,88,11.04207964681992
10,89,4.914605112273115
10,90,9.054603311072535
10,91,9.86875208723385
10,92,57.23337173026528
10,93,3.5710297116043055
10,94,3.051566859931526
10,95,7.387177494911012
10,96,2.296825299890232
10,97,30.651704897003814
10,98,4.955810131775841
10,99,5.453948102386769
10,100,22.225244579517646
10,101,7.373837295915413
10,102,7.347032697018035
10,103,9.216072673453365
10,104,25.78771420087317
10,105,6.63504590413197
10,106,9.942817250981356
10,107,5.183391469244024
10,108,85.04474792291208
10,109,42.34146309346705
10,110,21.46971428130492
10,111,13.62504734468523
10,112,50.89261803506876
10,113,12.042413344078742
10,114,25.58915518202866
10,115,7.471491291845725
10,116,6.3751643325305825
10,117,16.916394274682556
10,118,8.544628235430132
10,119,9.168457226987464
10,120,5.711179547093643
10,121,14.25982684027377
10,122,5.089984392050138
10,123,12.708204035367158
10,124,17.88057798387761
10,125,8.000767411479396
10,126,10.800431141840726
10,127,6.372100211834697
10,128,13.825565374841053
10,129,22.153361820143214
10,130,5.5916420000402836
10,131,18.988964313235478
10,132,11.34968343577753
10,133,10.882389575536342
10,134,9.056068215259934
10,135,4.731050472301801
10,136,3.4072107087726207
10,137,17.059239504034025
10,138,19.07230001089278
10,139,11.941911717527923
10,140,5.646691951344976
10,141,12.72840508839796
10,142,7.56047382809644
10,143,16.463242466960814
10,144,9.141581020262823
10,145,20.42963129615138
10,146,4.731874408309048
10,147,6.27166348852007
10,148,6.241325647478216
10,149,4.044632048301134
10,150,26.51914282555843
10,151,18.00718012414448
10,152,5.3899427771555075
10,153,13.88803976805985
10,154,5.661279866153628
10,155,36.02533075421961
10,156,5.5273934264868245
10,157,13.528886513905078
10,158,13.803162031099033
10,159,15.65389837975906
10,160,34.63870296471365
10,161,5.341303335512282
10,162,15.752433528767202
10,163,13.803081423430722
10,164,100.54332705039258
10,165,7.077087340979234
10,166,20.822565517034917
10,167,18.72609110035478
10,168,34.20648628257714
10,169,26.96308667891165
10,170,30.09444027616326
10,171,30.68564333476566
10,172,29.731996121254266
10,173,38.940040171471104
10,174,29.041246741029493
10,175,29.24348255414657
10,176,28.87564082324587
10,177,4.689584954274179
10,178,245.46553853757325
11,0,10.429395554035866
11,1,22.787287817222595
11,2,122.88502925245545
11,3,9.766481211470525
11,4,18.155318941105133
11,5,48.98408600540434
11,6,31.38341864356068
11,7,31.058306729774632
11,8,13.858866870127795
11,9,14.999877013008001
11,10,49.17122875472956
11,11,15.446477713658556
11,12,6.776576372607812
11,13,25.4257300246193
11,14,13.99868491684487
11,15,15.0128971352775
11,16,4.285453529065969
11,17,5.6128756748352595
11,18,12.295628114170821
11,19,23.21422537335117
11,20,5.853408559305819
11,21,19.459944825203586
11,22,20.172667646660226
11,23,8.395834182307553
11,24,27.018359615409896
11,25,11.536079676097387
11,26,10.322809909932996
11,27,6.8377397453327475
11,28,21.26432480060276
11,29,12.889075427643384
11,30,6.1441018707405215
11,31,11.744725268965954
11,32,11.362264846383729
11,33,19.446454883546934
11,34,11.585482019634902
11,35,6.774548921669578
11,36,31.23759155050697
11,37,9.437464781016146
11,38,10.622315599320942
11,39,13.683572964769674
11,40,7.959387512922652
11,41,3.9655199558721725
11,42,94.34834955908167
11,43,19.043549292472246
11,44,6.807151300362171
11,45,34.65141270128484
11,46,110.03350271920988
11,47,9.054158303330382
11,48,5.892437204993509
11,49,19.80164656039094
11,50,16.78388902852889
11,51,20.903019522153414
11,52,5.149920938454304
11,53,7.2165029286534
11,54,4.261845497143543
11,55,6.334919082214896
11,56,10.935965958167003
11,57,7.478415347310092
11,58,7.5707797724937285
11,59,5.198822354499825
11,60,15.378691625583956
11,61,3.204887883798887
11,62,5.3717880814350165
11,63,18.84368784341293
11,64,13.816335744957453
11,65,6.4759974756449745
11,66,18.84763880738851
11,67,6.268630067956114
11,68,7.936893361528388
11,69,3.42811990495168
11,70,13.344444467385868
11,71,103.38894817819832
11,72,67.28888832116186
11,73,9.895437365025163
11,74,7.145542201108952
11,75,11.046847147151952
11,76,15.87173410396477
11,77,4.429506856203725
11,78,3.8723697465266924
11,79,4.851505278826567
11,80,6.826932431581061
11,81,6.305568892723863
11,82,73.82079665068619
11,83,19.519632201033858
11,84,25.47329224562399
11,85,52.359926742616956
11,86,10.410009821247495
11,87,33.97752138384014
11,88,10.678395678981092
11,89,4.436800463472623
11,90,7.944272250495253
11,91,9.633798533195169
11,92,63.00058805204212
11,93,3.623882971387211
11,94,3.1398625154507385
11,95,7.923110812754249
11,96,2.5206058968043283
11,97,27.649690569323703
11,98,5.41930147226884
11,99,5.95441186160048
11,100,23.65762748966034
11,101,7.6137210609959585
11,102,7.46463003659765
11,103,8.17449463574031
11,104,24.031107317843112
11,105,6.322279922561561
11,106,10.134885490425392
11,107,5.220952657134141
11,108,77.034062385184
11,109,40.402948630701815
11,110,22.477333774700735
11,111,14.85331157628118
11,112,50.77520636080168
11,113,12.33891615427521
11,114,26.469691297738805
11,115,7.740259430591432
11,116,6.529122522135329
11,117,16.500867755036506
11,118,7.209236812603212
11,119,9.93770083445577
11,120,6.409286181275958
11,121,13.588992409314061
11,122,4.94532617104281
11,123,11.688694281753529
11,124,20.08409261269165
11,125,7.814735504686494
11,126,11.303231589395104
11,127,6.583350655589856
11,128,14.848858999668067
11,129,23.50444387812725
11,130,5.4551941328360725
11,131,18.14576529453837
11,132,10.55086528929041
11,133,11.147348742667914
11,134,10.528879245616777
11,135,4.853855062727688
11,136,3.695715146107886
11,137,17.25491496569055
11,138,18.843037161543286
11,139,11.194134016040524
11,140,5.2455728448038865
11,141,12.337931906365089
11,142,7.966137256445514
11,143,16.76992151255542
11,144,9.164530393891958
11,145,19.999724856943335
11,146,4.662529793938767
11,147,6.438240445133668
11,148,6.439728233287787
11,149,4.6702594023648425
11,150,24.997028132486832
11,151,18.452352397130134
11,152,5.631219774623438
11,153,13.522327580063983
11,154,5.696420944758309
11,155,36.81604379384994
11,156,5.5631270199768394
11,157,12.993035183425468
11,158,12.865287017168702
11,159,15.387960790995177
11,160,33.2591302681605
11,161,4.8846063846869505
11,162,16.44674805884221
11,163,14.490099196420442
11,164,92.39312081732658
11,165,7.768742654700683
11,166,19.569081165628486
11,167,17.03973477001118
11,168,37.060101217126025
11,169,27.24394883638712
11,170,26.73470956003374
11,171,27.142159924213107
11,172,30.893218757199293
11,173,36.98907966939989
11,174,27.82016703342122
11,175,28.561141314505612
11,176,26.580674522826893
11,177,4.944566745550329
11,178,228.68602396457675
12,0,10.812115884099802
12,1,23.00209100954891
12,2,124.90194827805759
12,3,9.537952157309718
12,4,18.94500539823738
12,5,47.50809967583264
12,6,34.46775055776696
12,7,30.666058244805928
12,8,14.903022132730511
12,9,15.266314992309791
12,10,50.995391813158776
12,11,14.501784850033696
12,12,6.1316471704230056
12,13,32.4710110912454
12,14,14.264862461985377
12,15,15.309325406718443
12,16,3.8609245878174128
12,17,5.2642392462142915
12,18,11.906290806116798
12,19,23.10470837870697
12,20,5.269287872726958
12,21,19.60098304477079
12,22,20.062674843791886
12,23,8.482946885716546
12,24,23.465795444207192
12,25,11.163891306074566
12,26,10.110723020324015
12,27,6.5593909941564235
12,28,19.628641777049026
12,29,13.12433872885903
12,30,6.457166903836613
12,31,12.081274260743646
12,32,10.555749265614212
12,33,20.975334399805604
12,34,10.84862692114666
12,35,6.406725279719787
12,36,28.884516774281984
12,37,8.595303188896342
12,38,9.927134343065202
12,39,13.57702039503368
12,40,8.132194305355972
12,41,3.682522329432991
12,42,95.50040512497834
12,43,20.438916746701498
12,44,7.194956446900262
12,45,37.110018272749464
12,46,112.00759426656634
12,47,8.950083968690755
12,48,5.876230960360764
12,49,17.486510836726822
12,50,16.36407772887013
12,51,22.58242733430045
12,52,4.8270499174661845
12,53,7.422260004960741
12,54,4.350614174359125
12,55,6.351630296106206
12,56,10.96677422794261
12,57,7.629950684326534
12,58,7.8589346193841045
12,59,5.476027108656142
12,60,16.864265683547156
12,61,2.9776217178651954
12,62,5.539874088803522
12,63,19.865122931524187
12,64,13.318096517440763
12,65,7.702443220627966
12,66,17.01054377327435
12,67,6.230459064474592
12,68,8.323049466456293
12,69,3.378262719239917
12,70,13.494878722211817
12,71,109.0276997671411
12,72,71.57621813743026
12,73,10.688563419610787
12,74,7.507582633476195
12,75,9.687327632405125
12,76,13.260945911795835
12,77,4.575835888831683
12,78,3.970925988757862
12,79,5.241796249559153
12,80,6.596414897124748
12,81,6.924496318582622
12,82,71.95670872853083
12,83,17.399982990862238
12,84,24.47868913200558
12,85,49.75722626976844
12,86,10.134280981956001
12,87,34.00991222063177
12,88,11.084761567578074
12,89,4.714995718049808
12,90,9.313787264381538
12,91,9.783265962956621
12,92,57.821806369981694
12,93,3.507949216575199
12,94,2.8101559484489997
12,95,7.5572833387801355
12,96,2.31330670820581
12,97,28.104039566382447
12,98,5.134962819634303
12,99,5.575702204918636
12,100,22.390077132921956
12,101,7.021164438034801
12,102,7.259228067979306
12,103,8.47783257572513
12,104,24.237730144266795
12,105,7.105548105611659
12,106,9.667477460108163
12,107,4.92987896880181
12,108,76.5400176584737
12,109,41.62885782238104
12,110,21.379448468065963
12,111,14.058717473883824
12,112,47.36722914859189
12,113,12.439732747937988
12,114,27.638256229425107
12,115,7.634556977773881
12,116,5.714621668575221
12,117,16.668144383462142
12,118,8.261532669599696
12,119,9.44680490313392
12,120,5.483297942540184
12,121,14.08779664811925
12,122,5.940158388973511
12,123,11.304319362212018
12,124,18.53138842471522
12,125,8.805823168736728
12,126,11.218989453915388
12,127,6.350331763659387
12,128,14.216414408701127
12,129,22.886509616817435
12,130,5.39796349890968
12,131,19.174875411595618
12,132,10.951387931303298
12,133,10.475560912777969
12,134,9.446786544403393
12,135,4.893551354989768
12,136,3.517670787382598
12,137,17.49303735822917
12,138,18.465595649659775
12,139,11.181335516671341
12,140,5.6399434666010855
12,141,11.97147839246868
12,142,8.201179282915792
12,143,16.823041609814467
12,144,9.007555485023847
12,145,18.5253257284506
12,146,4.665851408720115
12,147,6.233692509307005
12,148,5.856157179589906
12,149,4.53232531382229
12,150,24.274951231657504
12,151,17.764103125984615
12,152,5.345757257277681
12,153,13.612744042651617
12,154,5.6878988389053635
12,155,33.2085463741556
12,156,5.392804013055314
12,157,13.122053475861824
12,158,13.028804438511983
12,159,15.116110899337587
12,160,31.84217498241114
12,161,4.73457991848223
12,162,16.063599676494793
12,163,14.500060297502806
12,164,87.87339540835481
12,165,7.126421477561388
12,166,22.03976090448332
12,167,19.231416189103083
12,168,38.2499253632603
12,169,27.574938032142104
12,170,28.632874147183816
12,171,26.809186206648512
12,172,25.987012780468373
12,173,37.82180234063469
12,174,28.915744241599036
12,175,32.09579623074021
12,176,28.170666705134156
12,177,5.348819680865328
12,178,216.71881488092833
13,0,20.02
13,1,47.1698
13,2,250.6266
13,3,18.5186
13,4,37.037
13,5,96.1538
13,6,65.5738
13,7,62.1118
13,8,29.0698
13,9,29.3256
13,10,102.0408
13,11,32.4676
13,12,12.5
13,13,58.8236
13,14,27.3598
13,15,28.2886
13,16,8.1834
13,17,10.2564
13,18,23.9808
13,19,45.7666
13,20,11.105
13,21,39.604
13,22,40.568
13,23,17.094
13,24,50.7614
13,25,23.5572
13,26,20.6186
13,27,12.5786
13,28,40.6504
13,29,25.0
13,30,12.27
13,31,23.3918
13,32,21.209
13,33,39.6826
13,34,23.2558
13,35,12.796
13,36,60.423
13,37,17.346
13,38,20.3046
13,39,26.49
13,40,16.0772
13,41,8.0972
13,42,196.0784
13,43,40.2414
13,44,14.0846
13,45,74.6268
13,46,212.766
13,47,18.868
13,48,11.9048
13,49,37.037
13,50,33.0578
13,51,41.0678
13,52,10.929
13,53,14.8148
13,54,8.15
13,55,11.8976
13,56,22.1976
13,57,14.7492
13,58,15.748
13,59,10.582
13,60,32.0
13,61,6.192
13,62,10.7526
13,63,39.604
13,64,26.5958
13,65,14.5986
13,66,34.0136
13,67,12.2324
13,68,16.3934
13,69,6.9204
13,70,28.2886
13,71,209.424
13,72,132.4504
13,73,20.704
13,74,14.9254
13,75,20.704
13,76,27.8164
13,77,8.7222
13,78,7.9682
13,79,9.2678
13,80,13.7932
13,81,13.3334
13,82,148.1482
13,83,35.6506
13,84,53.1914
13,85,100.0
13,86,20.284
13,87,66.2252
13,88,21.7628
13,89,9.1744
13,90,17.094
13,91,19.7044
13,92,125.0
13,93,7.1994
13,94,6.1728
13,95,15.748
13,96,4.8602
13,97,56.338
13,98,10.204
13,99,11.1112
13,100,44.0528
13,101,15.1172
13,102,14.1844
13,103,16.3934
13,104,49.261
13,105,13.5136
13,106,19.802
13,107,10.005
13,108,161.2904
13,109,81.9672
13,110,41.2372
13,111,28.409
13,112,99.01
13,113,23.4466
13,114,54.5702
13,115,15.1516
13,116,13.5136
13,117,31.2012
13,118,16.2602
13,119,19.6078
13,120,11.5606
13,121,28.0898
13,122,10.6382
13,123,23.9234
13,124,39.604
13,125,15.7232
13,126,23.585
13,127,12.6582
13,128,27.3224
13,129,46.083
13,130,10.989
13,131,37.7358
13,132,23.015
13,133,21.4132
13,134,18.5186
13,135,9.7088
13,136,6.7796
13,137,34.4828
13,138,36.563
13,139,22.5988
13,140,11.1732
13,141,24.6002
13,142,15.8478
13,143,35.7782
13,144,17.8572
13,145,38.0952
13,146,9.804
13,147,12.6262
13,148,12.3076
13,149,8.7336
13,150,52.91
13,151,36.563
13,152,10.929
13,153,28.4496
13,154,10.929
13,155,69.4444
13,156,11.0314
13,157,26.2468
13,158,26.49
13,159,31.25
13,160,66.4452
13,161,9.8522
13,162,32.6798
13,163,26.9906
13,164,192.3076
13,165,14.2858
13,166,41.58
13,167,36.7648
13,168,76.047
13,169,54.5376
13,170,53.6942
13,171,57.041
13,172,53.9724
13,173,75.7634
13,174,57.8118
13,175,57.8118
13,176,57.8118
13,177,9.6432
13,178,493.8272
14,0,9.209030752060471
14,1,24.18038365955361
14,2,129.14026066700575
14,3,10.057067313126467
14,4,18.783434079019045
14,5,45.303624446572094
14,6,32.3670658518244
14,7,31.521482835861686
14,8,15.022722388376387
14,9,13.579934740111481
14,10,51.18315166178221
14,11,16.256383372005104
14,12,6.50153928510282
14,13,29.8208929097803
14,14,14.206005182768951
14,15,13.33409663362847
14,16,4.315728109007638
14,17,5.271241266916704
14,18,12.303911399200958
14,19,24.051736833049393
14,20,5.230533042759772
14,21,20.54136762061628
14,22,21.57390468179396
14,23,8.896363097189106
14,24,28.885334984717563
14,25,11.217825703014052
14,26,10.582429724059288
14,27,6.234916159574506
14,28,19.97252426790038
14,29,12.076478985198323
14,30,6.34600524814466
14,31,10.93008944600875
14,32,10.06690753285396
14,33,18.500685487349507
14,34,11.209822591041611
14,35,6.482530233163201
14,36,31.087191944618887
14,37,8.315347629676584
14,38,9.536967487563881
14,39,12.744207299290494
14,40,7.247676648336728
14,41,3.883536465258094
14,42,89.54630759437902
14,43,20.324895010003676
14,44,6.644443247466399
14,45,35.14719898168302
14,46,100.46265699002441
14,47,9.671398796810902
14,48,5.880609259838843
14,49,16.83953219115827
14,50,16.848282601161127
14,51,22.066630622233486
14,52,5.715622184141587
14,53,6.980450734820975
14,54,3.7716009768022865
14,55,6.0092534156374136
14,56,11.103276780416833
14,57,6.947162425367509
14,58,7.708544696658432
14,59,5.148674176777235
14,60,14.943217982611253
14,61,3.0201263832704175
14,62,5.312833685471164
14,63,21.23628136392594
14,64,13.414887576395893
14,65,7.220408306541103
14,66,17.16551442404699
14,67,6.32464781023642
14,68,8.553034499343529
14,69,3.4157120955235882
14,70,14.215524235569513
14,71,107.86930643070465
14,72,66.47966619303433
14,73,11.122605131217695
14,74,7.45960825497746
14,75,10.441580107968623
14,76,14.347498588276395
14,77,4.348930207829184
14,78,4.327130727069993
14,79,4.892055620747856
14,80,7.245883525688468
14,81,6.3820131827578885
14,82,84.15474598470328
14,83,16.863672475313926
14,84,26.03421404032955
14,85,45.82120566616009
14,86,10.260532776199199
14,87,31.872585135051263
14,88,9.9655123691336
14,89,4.749745587130468
14,90,8.769939586106485
14,91,8.870015895854696
14,92,61.87913647393096
14,93,3.3843400317732026
14,94,3.361136202421433
14,95,8.343399622616012
14,96,2.635358732651609
14,97,28.188114366202523
14,98,5.017955787439729
14,99,5.184689058171796
14,100,20.120398965942837
14,101,7.3726853269703305
14,102,6.853890285740587
14,103,8.159908001246388
14,104,22.71897991326555
14,105,6.978894829150669
14,106,9.984523323422833
14,107,4.931181156500974
14,108,88.57510001217092
14,109,42.356253987343365
14,110,19.907198827236876
14,111,14.397491633977173
14,112,51.12385586034204
14,113,12.232995352911628
14,114,27.128002354351402
14,115,6.7635430682927655
14,116,6.639876096471029
14,117,16.679185133485646
14,118,8.159140776327378
14,119,9.08954164748783
14,120,5.255858221020595
14,121,13.721826819166006
14,122,5.278957654247497
14,123,12.024340726037707
14,124,18.650789486877486
14,125,8.189815638096636
14,126,10.701879107639648
14,127,6.318849708366982
14,128,12.766377533530727
14,129,21.55593455424705
14,130,6.178399670947878
14,131,20.026912397005916
14,132,10.847677013744315
14,133,10.660801782580622
14,134,9.531712343427849
14,135,4.8960858217721706
14,136,3.5818274652090625
14,137,17.87029809807759
14,138,17.22227191847208
14,139,11.215181140897517
14,140,5.24758471212425
14,141,12.45403620285415
14,142,7.511708180463687
14,143,17.5968604165796
14,144,8.722918142753999
14,145,18.566841197207296
14,146,5.010433861162379
14,147,5.677040144758687
14,148,5.887065743346189
14,149,4.389431287913563
14,150,27.332564219429745
14,151,18.81302909399534
14,152,5.529720780043697
14,153,13.561960348353725
14,154,5.090087131859701
14,155,38.05368776284889
14,156,5.464129922149506
14,157,13.088888229644617
14,158,14.505134603917933
14,159,16.407399370916593
14,160,34.69698726968495
14,161,4.9736336334524305
14,162,16.001488740048877
14,163,13.65003291957727
14,164,99.64449242906238
14,165,7.456220658316376
14,166,20.900236192915415
14,167,18.99442019558092
14,168,39.327528419009056
14,169,26.01261404539626
14,170,26.745435048420823
14,171,30.24064956214689
14,172,25.736550353342018
14,173,34.624104270761855
14,174,25.4245830701422
14,175,27.84070652152727
14,176,29.507307465329582
14,177,4.818914557687249
14,178,249.8365002120838
15,0,9.9233394716988
15,1,22.83637257594332
15,2,132.7526893594797
15,3,8.935468458845934
15,4,17.825211885933253
15,5,47.989785444568014
15,6,33.571064039539735
15,7,29.734272726497476
15,8,15.056881412313185
15,9,14.16366821216419
15,10,50.84866303278453
15,11,17.28109996394281
15,12,6.726829786509129
15,13,30.36343436993926
15,14,13.032523100818661
15,15,13.27820089246778
15,16,4.058274288806669
15,17,4.937731059719755
15,18,11.652473085557887
15,19,24.06823844265024
15,20,5.984328140891645
15,21,18.974054414847846
15,22,18.79273189366976
15,23,8.927833086499849
15,24,24.88198658809074
15,25,12.15860369526654
15,26,10.719619777427177
15,27,6.09841867630249
15,28,19.17165225064619
15,29,13.73696878611222
15,30,6.56060698819754
15,31,10.905331831996778
15,32,10.696761484579671
15,33,20.571151672740427
15,34,11.228361579222025
15,35,6.487392280475482
15,36,32.03066762433953
15,37,8.83531118697342
15,38,9.931880645436767
15,39,11.806625029457287
15,40,7.851546012637312
15,41,4.479696127874079
15,42,92.73598611405465
15,43,20.622078356112574
15,44,6.89687848203938
15,45,37.8677896964962
15,46,101.3252564665467
15,47,9.475445772082184
15,48,5.67288066170909
15,49,18.031746883583953
15,50,17.478300465341132
15,51,20.993906897091634
15,52,5.539924205676509
15,53,7.0604236912047185
15,54,3.9075086508783
15,55,6.391845922019516
15,56,11.837306421633262
15,57,7.755790316902028
15,58,7.916407960095301
15,59,5.382966271780066
15,60,17.664253375031755
15,61,3.1008060302501748
15,62,5.232426751692106
15,63,20.569022620560087
15,64,12.70619302509852
15,65,7.407653488511602
15,66,17.42200809960199
15,67,6.438146011122787
15,68,8.361302023199883
15,69,3.2991884681385653
15,70,14.440059193511797
15,71,106.03172273675482
15,72,69.15688892559076
15,73,9.953587059251658
15,74,7.527458774713464
15,75,10.357504161886549
15,76,14.095000985984415
15,77,4.320727153752559
15,78,4.005484418759601
15,79,4.422088127399045
15,80,6.58113066696785
15,81,6.658767884391462
15,82,70.95511914303417
15,83,19.537163269531547
15,84,26.969842125344517
15,85,48.178754680806826
15,86,10.601339954498274
15,87,32.89680007004752
15,88,11.596311719634837
15,89,4.5559807698588735
15,90,8.078523577631191
15,91,9.159848132112522
15,92,63.021154639662846
15,93,3.585028044375293
15,94,3.004190294102765
15,95,8.18380840106981
15,96,2.2224036837831207
15,97,26.680221505508374
15,98,4.559142386195355
15,99,5.516631086664942
15,100,21.86560895798906
15,101,8.371364482078874
15,102,7.046928690041306
15,103,8.699933834313374
15,104,25.594824149937587
15,105,6.221087115344669
15,106,9.964783286081662
15,107,4.871505495161291
15,108,84.92901230933649
15,109,39.328768425511214
15,110,22.24626743844101
15,111,14.477074448017353
15,112,47.993627381511445
15,113,10.535348994199055
15,114,27.83866776140278
15,115,7.6615707837312215
15,116,7.008962542378908
15,117,14.7713874597803
15,118,7.817573618328497
15,119,9.472576948513705
15,120,6.097133486099033
15,121,14.627362297626176
15,122,5.365191999308101
15,123,11.891009506944187
15,124,20.15138300739667
15,125,8.694625520019656
15,126,11.717136210229341
15,127,6.6564149893950155
15,128,13.960843049934136
15,129,26.196521164767915
15,130,5.766822968433139
15,131,19.160624850764428
15,132,12.116749371238752
15,133,10.923644610289976
15,134,9.03168269877591
15,135,4.474077015869877
15,136,3.5897449909934553
15,137,16.469739309921845
15,138,18.60192232678558
15,139,11.284503601976276
15,140,5.423500119824379
15,141,12.581721988463789
15,142,7.866907143427253
15,143,17.420247195469575
15,144,8.892087248170723
15,145,21.017017654472344
15,146,4.660744372630836
15,147,6.57965032173751
15,148,6.16022164950398
15,149,4.431721436153036
15,150,26.246662863219733
15,151,19.42173884008029
15,152,5.514175517613958
15,153,13.72894781319325
15,154,5.504415889489697
15,155,34.62791706595514
15,156,5.494660949795953
15,157,14.199474648147147
15,158,14.05669958901991
15,159,15.338373407518237
15,160,31.70721019708075
15,161,4.840332856875141
15,162,15.70594820726102
15,163,14.52758487685479
15,164,85.07362741654326
15,165,7.303794540705275
15,166,19.38474049961649
15,167,17.171330026961087
15,168,38.48539780910317
15,169,25.652297359918716
15,170,27.826888790746537
15,171,31.47007584820517
15,172,25.586712424279575
15,173,39.05356629900425
15,174,31.223874223674013
15,175,27.295605975017367
15,176,26.71484666277969
15,177,5.213505980559362
15,178,267.4379093900991
16,0,9.593836888471829
16,1,24.664426097564487
16,2,125.9861162038296
16,3,9.119308276027112
16,4,17.4717581869137
16,5,43.57998909317787
16,6,32.43415175927072
16,7,30.020832011766064
16,8,15.91804927934921
16,9,15.60033360421638
16,10,51.62550892742165
16,11,16.553945589541527
16,12,6.118048011922123
16,13,27.65481969066731
16,14,13.269676600124034
16,15,12.918212061893026
16,16,3.978286160340888
16,17,5.4854711439706865
16,18,11.703133540592528
16,19,24.45271177003967
16,20,5.448991693744989
16,21,18.34594343958721
16,22,18.591747756926452
16,23,8.590534785433018
16,24,25.80317947121802
16,25,11.430817921991654
16,26,10.231980404646167
16,27,6.0363942203860255
16,28,18.779300136696758
16,29,12.723176561338146
16,30,6.154935830665973
16,31,12.632416797152356
16,32,10.769079440557464
16,33,20.163768014232843
16,34,12.028038272678044
16,35,6.586418690864719
16,36,30.19573495596427
16,37,9.024917024686099
16,38,9.465176445919012
16,39,14.184440110939475
16,40,8.927334688477924
16,41,4.3241080013705
16,42,102.89647981053663
16,43,20.953311899622907
16,44,7.501003902837094
16,45,36.643420890344586
16,46,104.26848312766562
16,47,10.291553098335882
16,48,5.962419895781856
16,49,19.555237197219977
16,50,16.40799143153025
16,51,20.945431015636427
16,52,5.421275456658991
16,53,7.20157618377554
16,54,3.7412280638335456
16,55,6.383703686783622
16,56,11.186130200086263
16,57,8.03720381537494
16,58,7.341268178414739
16,59,5.641532213533839
16,60,16.35534392663282
16,61,2.9295004747747484
16,62,5.974380864567795
16,63,21.799741369832578
16,64,13.437072128802807
16,65,7.48050499271827
16,66,15.692207585281826
16,67,6.3041697167846955
16,68,7.989748031929612
16,69,3.3806500337713947
16,70,13.876667066187515
16,71,107.06736703649919
16,72,62.6921901985558
16,73,9.791998152069635
16,74,7.575608088336825
16,75,9.804697178947656
16,76,13.81645351696343
16,77,4.205261756547096
16,78,3.6834679009094753
16,79,4.596631504733828
16,80,6.576832677999731
16,81,6.703900650361713
16,82,74.15800632528355
16,83,18.558709125477556
16,84,26.808661999730738
16,85,47.037218035701066
16,86,9.702977712093883
16,87,33.20401820240792
16,88,10.433871532861074
16,89,4.4607246071575855
16,90,8.360585930466886
16,91,10.064329029759616
16,92,64.87713602293216
16,93,3.72480350708229
16,94,2.9068534499613876
16,95,8.28850627790749
16,96,2.476795336822933
16,97,28.426703859033655
16,98,5.040051395091627
16,99,5.664010644093134
16,100,24.19467697254607
16,101,8.084444559052988
16,102,6.8767642004149065
16,103,8.464750228946254
16,104,25.090070780757795
16,105,6.939009602478856
16,106,9.478874706129893
16,107,4.633698674528929
16,108,80.53297403585603
16,109,41.1920514171517
16,110,20.792387247499136
16,111,14.355437848077441
16,112,47.768259307481294
16,113,11.462532916524076
16,114,25.47627363972505
16,115,7.9194449444312225
16,116,6.955275392862582
16,117,16.279700868074606
16,118,8.524018407783474
16,119,9.913528940512606
16,120,5.79539483318462
16,121,13.490776952968398
16,122,5.372245677085961
16,123,13.091887728370292
16,124,17.691217452237208
16,125,7.9105338240110745
16,126,11.166497785170463
16,127,6.293891276197469
16,128,13.568312766083924
16,129,22.305201036208203
16,130,5.245179105095866
16,131,20.144363538957776
16,132,11.528523851127877
16,133,10.565083087589601
16,134,9.352332025538239
16,135,4.458150300433397
16,136,3.1527203281081584
16,137,16.26993012870088
16,138,17.50850186522158
16,139,10.862852812993985
16,140,5.252672142026882
16,141,11.173294490372523
16,142,8.589256377812696
16,143,18.54721882646915
16,144,9.169313813491437
16,145,20.683505919922073
16,146,4.500918758448781
16,147,6.069398771413776
16,148,6.13548222239286
16,149,4.5258071776098765
16,150,28.84503471658676
16,151,18.924936301640926
16,152,5.283009282714071
16,153,14.822112337514032
16,154,5.687624051685835
16,155,35.51899721199725
16,156,5.826959689752394
16,157,14.553137673984251
16,158,13.408750663159203
16,159,16.52809582763194
16,160,33.14827017558565
16,161,5.164616808531839
16,162,16.63189333880152
16,163,14.155301343625064
16,164,107.57548504756095
16,165,7.201050850241412
16,166,20.49634973920844
16,167,17.559966666856365
16,168,36.96602998249811
16,169,27.30954944134343
16,170,26.911332280800988
16,171,26.946778749937007
16,172,24.855919823182802
16,173,38.066314223696146
16,174,32.14497689257307
16,175,28.539758626423126
16,176,29.708123615121345
16,177,4.778658994078891
16,178,229.50572729587628
17,0,10.347359069295731
17,1,23.17493446633389
17,2,129.0105246080496
17,3,9.541538801865515
17,4,19.20581997875183
17,5,49.63592570666857
17,6,34.839369603521966
17,7,31.138184521531336
17,8,14.059595711074145
17,9,13.773037887426302
17,10,48.08595211146208
17,11,15.865797961151083
17,12,6.1808235529714
17,13,29.60662158728342
17,14,13.759072722485138
17,15,13.522079188032269
17,16,4.252400772963556
17,17,5.110642771134524
17,18,11.463446083541355
17,19,23.104874728997967
17,20,6.08565117329961
17,21,19.23128363375344
17,22,20.60731529386384
17,23,8.472250317001716
17,24,24.45416624882138
17,25,11.924728404925279
17,26,10.110146286694036
17,27,6.736373963020662
17,28,20.62443225581139
17,29,12.737490929549743
17,30,6.094488872203891
17,31,12.590037123663116
17,32,9.892207696584977
17,33,16.761753329080825
17,34,11.748595413261775
17,35,6.534224478747707
17,36,30.439061219489755
17,37,9.262300423958964
17,38,10.12360767730304
17,39,13.052485159136106
17,40,7.83276781499292
17,41,4.219006888302657
17,42,96.51567633312567
17,43,20.410951952359046
17,44,7.618323548514043
17,45,34.67588665115921
17,46,109.68669801182564
17,47,9.340455768827727
17,48,6.18512022168584
17,49,17.34254985059531
17,50,16.347086593490047
17,51,20.919211623408195
17,52,5.666285911239189
17,53,7.313779050155914
17,54,4.039057667177785
17,55,5.374212564043807
17,56,11.469407376371938
17,57,7.743234208961904
17,58,7.965977297006787
17,59,5.294607117614149
17,60,15.827550288447302
17,61,3.3408115581556546
17,62,5.537776133741393
17,63,20.613922471593042
17,64,13.365172650580238
17,65,7.64513750443812
17,66,16.868934908387228
17,67,6.168895931742844
17,68,8.43402312667573
17,69,3.420071987906337
17,70,14.834106852804107
17,71,98.40686039661917
17,72,63.11604214974372
17,73,10.20899468791769
17,74,7.3310872090294685
17,75,9.65324089088799
17,76,13.908048037617949
17,77,4.438918628136656
17,78,4.029723071292988
17,79,4.6970548671509205
17,80,6.599809934020669
17,81,6.725792568330888
17,82,72.03826938183657
17,83,17.689092995953796
17,84,26.2901263193087
17,85,46.51884634147207
17,86,9.833949270775197
17,87,35.16975492543993
17,88,9.879548779464985
17,89,4.83488949893263
17,90,8.308642419892584
17,91,10.516317577917217
17,92,61.64125637536434
17,93,3.4445871411755538
17,94,3.208771273299775
17,95,7.8227824629885925
17,96,2.4005184950590865
17,97,26.576298937088673
17,98,5.043829080989423
17,99,5.89337877925995
17,100,23.99461778359493
17,101,6.89440954437397
17,102,6.848289105464785
17,103,8.174597406479474
17,104,23.91296763158331
17,105,6.62187705374249
17,106,10.360745296847323
17,107,4.74741285550722
17,108,87.84768158880352
17,109,39.99919929296807
17,110,18.989142620127332
17,111,14.50848269988398
17,112,48.22940315607857
17,113,9.989341644352493
17,114,29.918384657904614
17,115,8.386825478946223
17,116,6.677928217942222
17,117,15.79015259414216
17,118,8.464437602287768
17,119,10.05679554429524
17,120,6.199137615305978
17,121,13.691450251008915
17,122,5.2449966344861725
17,123,11.719161125788096
17,124,19.466407128751825
17,125,8.07563639625188
17,126,11.655347074799886
17,127,6.380465429382906
17,128,13.706404415378831
17,129,23.221481686495064
17,130,5.271266587835502
17,131,19.831498791760932
17,132,10.777130149276784
17,133,10.668986167210054
17,134,8.981979131930718
17,135,4.707052133285809
17,136,3.338794347864458
17,137,17.468838505584824
17,138,18.15763414960459
17,139,11.296656286308352
17,140,5.141283190230109
17,141,11.806019057072671
17,142,7.54207039514694
17,143,16.95857496485777
17,144,9.514727344675402
17,145,17.74260429309825
17,146,5.012139499412108
17,147,5.832935024458664
17,148,6.218385698723824
17,149,4.304399958498926
17,150,28.482980902660586
17,151,19.360173192400477
17,152,6.134945159583476
17,153,13.631219075193023
17,154,5.369271420253124
17,155,34.00532169364378
17,156,5.683660449207379
17,157,12.098094244581608
17,158,12.946320152412436
17,159,15.716832282051966
17,160,32.924236393924524
17,161,5.000229683621374
17,162,15.905903684272074
17,163,13.250550968755244
17,164,97.697510843193
17,165,6.209804871954457
17,166,21.187828628715998
17,167,17.014273406475503
17,168,43.239616128558865
17,169,29.5915489588749
17,170,25.43037585719597
17,171,29.01966071120097
17,172,25.710340522823067
17,173,36.0689320044661
17,174,31.203612681479296
17,175,30.319373535582297
17,176,25.579166795205705
17,177,4.708079528418547
17,178,260.268837364827
18,0,20.02
18,1,47.1698
18,2,250.6266
18,3,18.5186
18,4,37.037
18,5,96.1538
18,6,65.5738
18,7,62.1118
18,8,29.0698
18,9,29.3256
18,10,102.0408
18,11,32.4676
18,12,12.5
18,13,58.8236
18,14,27.3598
18,15,28.2886
18,16,8.1834
18,17,10.2564
18,18,23.9808
18,19,45.7666
18,20,11.105
18,21,39.604
18,22,40.568
18,23,17.094
18,24,50.7614
18,25,23.5572
18,26,20.6186
18,27,12.5786
18,28,40.6504
18,29,25.0
18,30,12.27
18,31,23.3918
18,32,21.209
18,33,39.6826
18,34,23.2558
18,35,12.796
18,36,60.423
18,37,17.346
18,38,20.3046
18,39,26.49
18,40,16.0772
18,41,8.0972
18,42,196.0784
18,43,40.2414
18,44,14.0846
18,45,74.6268
18,46,212.766
18,47,18.868
18,48,11.9048
18,49,37.037
18,50,33.0578
18,51,41.0678
18,52,10.929
18,53,14.8148
18,54,8.15
18,55,11.8976
18,56,22.1976
18,57,14.7492
18,58,15.748
18,59,10.582
18,60,32.0
18,61,6.192
18,62,10.7526
18,63,39.604
18,64,26.5958
18,65,14.5986
18,66,34.0136
18,67,12.2324
18,68,16.3934
18,69,6.9204
18,70,28.2886
18,71,209.424
18,72,132.4504
18,73,20.704
18,74,14.9254
18,75,20.704
18,76,27.8164
18,77,8.7222
18,78,7.9682
18,79,9.2678
18,80,13.7932
18,81,13.3334
18,82,148.1482
18,83,35.6506
18,84,53.1914
18,85,100.0
18,86,20.284
18,87,66.2252
18,88,21.7628
18,89,9.1744
18,90,17.094
18,91,19.7044
18,92,125.0
18,93,7.1994
18,94,6.1728
18,95,15.748
18,96,4.8602
18,97,56.338
18,98,10.204
18,99,11.1112
18,100,44.0528
18,101,15.1172
18,102,14.1844
18,103,16.3934
18,104,49.261
18,105,13.5136
18,106,19.802
18,107,10.005
18,108,161.2904
18,109,81.9672
18,110,41.2372
18,111,28.409
18,112,99.01
18,113,23.4466
18,114,54.5702
18,115,15.1516
18,116,13.5136
18,117,31.2012
18,118,16.2602
18,119,19.6078
18,120,11.5606
18,121,28.0898
18,122,10.6382
18,123,23.9234
18,124,39.604
18,125,15.7232
18,126,23.585
18,127,12.6582
18,128,27.3224
18,129,46.083
18,130,10.989
18,131,37.7358
18,132,23.015
18,133,21.4132
18,134,18.5186
18,135,9.7088
18,136,6.7796
18,137,34.4828
18,138,36.563
18,139,22.5988
18,140,11.1732
18,141,24.6002
18,142,15.8478
18,143,35.7782
18,144,17.8572
18,145,38.0952
18,146,9.804
18,147,12.6262
18,148,12.3076
18,149,8.7336
18,150,52.91
18,151,36.563
18,152,10.929
18,153,28.4496
18,154,10.929
18,155,69.4444
18,156,11.0314
18,157,26.2468
18,158,26.49
18,159,31.25
18,160,66.4452
18,161,9.8522
18,162,32.6798
18,163,26.9906
18,164,192.3076
18,165,14.2858
18,166,41.58
18,167,36.7648
18,168,76.047
18,169,54.5376
18,170,53.6942
18,171,57.041
18,172,53.9724
18,173,75.7634
18,174,57.8118
18,175,57.8118
18,176,57.8118
18,177,9.6432
18,178,493.8272
19,0,20.02
19,1,47.1698
19,2,250.6266
19,3,18.5186
19,4,37.037
19,5,96.1538
19,6,65.5738
19,7,62.1118
19,8,29.0698
19,9,29.3256
19,10,102.0408
19,11,32.4676
19,12,12.5
19,13,58.8236
19,14,27.3598
19,15,28.2886
19,16,8.1834
19,17,10.2564
19,18,23.9808
19,19,45.7666
19,20,11.105
19,21,39.604
19,22,40.568
19,23,17.094
19,24,50.7614
19,25,23.5572
19,26,20.6186
19,27,12.5786
19,28,40.6504
19,29,25.0
19,30,12.27
19,31,23.3918
19,32,21.209
19,33,39.6826
19,34,23.2558
19,35,12.796
19,36,60.423
19,37,17.346
19,38,20.3046
19,39,26.49
19,40,16.0772
19,41,8.0972
19,42,196.0784
19,43,40.2414
19,44,14.0846
19,45,74.6268
19,46,212.766
19,47,18.868
19,48,11.9048
19,49,37.037
19,50,33.0578
19,51,41.0678
19,52,10.929
19,53,14.8148
19,54,8.15
19,55,11.8976
19,56,22.1976
19,57,14.7492
19,58,15.748
19,59,10.582
19,60,32.0
19,61,6.192
19,62,10.7526
19,63,39.604
19,64,26.5958
19,65,14.5986
19,66,34.0136
19,67,12.2324
19,68,16.3934
19,69,6.9204
19,70,28.2886
19,71,209.424
19,72,132.4504
19,73,20.704
19,74,14.9254
19,75,20.704
19,76,27.8164
19,77,8.7222
19,78,7.9682
19,79,9.2678
19,80,13.7932
19,81,13.3334
19,82,148.1482
19,83,35.6506
19,84,53.1914
19,85,100.0
19,86,20.284
19,87,66.2252
19,88,21.7628
19,89,9.1744
19,90,17.094
19,91,19.7044
19,92,125.0
19,93,7.1994
19,94,6.1728
19,95,15.748
19,96,4.8602
19,97,56.338
19,98,10.204
19,99,11.1112
19,100,44.0528
19,101,15.1172
19,102,14.1844
19,103,16.3934
19,104,49.261
19,105,13.5136
19,106,19.802
19,107,10.005
19,108,161.2904
19,109,81.9672
19,110,41.2372
19,111,28.409
19,112,99.01
19,113,23.4466
19,114,54.5702
19,115,15.1516
19,116,13.5136
19,117,31.2012
19,118,16.2602
19,119,19.6078
19,120,11.5606
19,121,28.0898
19,122,10.6382
19,123,23.9234
19,124,39.604
19,125,15.7232
19,126,23.585
19,127,12.6582
19,128,27.3224
19,129,46.083
19,130,10.989
19,131,37.7358
19,132,23.015
19,133,21.4132
19,134,18.5186
19,135,9.7088
19,136,6.7796
19,137,34.4828
19,138,36.563
19,139,22.5988
19,140,11.1732
19,141,24.6002
19,142,15.8478
19,143,35.7782
19,144,17.8572
19,145,38.0952
19,146,9.804
19,147,12.6262
19,148,12.3076
19,149,8.7336
19,150,52.91
19,151,36.563
19,152,10.929
19,153,28.4496
19,154,10.929
19,155,69.4444
19,156,11.0314
19,157,26.2468
19,158,26.49
19,159,31.25
19,160,66.4452
19,161,9.8522
19,162,32.6798
19,163,26.9906
19,164,192.3076
19,165,14.2858
19,166,41.58
19,167,36.7648
19,168,76.047
19,169,54.5376
19,170,53.6942
19,171,57.041
19,172,53.9724
19,173,75.7634
19,174,57.8118
19,175,57.8118
19,176,57.8118
19,177,9.6432
19,178,493.8272
20,0,9.681047636208463
20,1,23.38386469292257
20,2,125.41753109407288
20,3,9.7182435556266
20,4,19.386112575931673
20,5,47.47187957098953
20,6,32.70239740647118
20,7,30.530125555294465
20,8,13.941721768977766
20,9,13.604625143482693
20,10,48.45345949051485
20,11,14.624991180811293
20,12,5.96562014838014
20,13,29.86661573382243
20,14,14.508761654274192
20,15,14.563800476513917
20,16,3.6571755587276495
20,17,4.933468330823648
20,18,12.499660926949845
20,19,23.148720040400885
20,20,5.473323772836583
20,21,19.275822073113442
20,22,19.348629004009133
20,23,8.241745954702363
20,24,26.190307606235635
20,25,12.13760786950533
20,26,11.485967216666669
20,27,6.3031164594888995
20,28,20.37937101757724
20,29,11.828000976537307
20,30,6.314175494053306
20,31,12.487182304023678
20,32,11.04699265472906
20,33,20.76591914581035
20,34,10.502950575910607
20,35,6.139366283726566
20,36,29.93503693697256
20,37,8.744820113453628
20,38,11.233152059822524
20,39,12.54725331942523
20,40,7.81458507259377
20,41,4.279693494647592
20,42,96.82318825510244
20,43,20.32190950475842
20,44,7.596430001678066
20,45,36.9353932287416
20,46,109.66081161592986
20,47,10.647939403579908
20,48,5.921014677920885
20,49,17.281366183093105
20,50,17.095889934546463
20,51,19.967054680799826
20,52,5.891015157784168
20,53,7.516430818016454
20,54,4.025483981217017
20,55,5.863750589172045
20,56,11.677057667055387
20,57,7.570632823368355
20,58,7.489477800435642
20,59,5.289431096034499
20,60,17.15459857756162
20,61,3.2238737136108555
20,62,5.051823277848844
20,63,19.60378988421078
20,64,13.91399306525689
20,65,7.3849035301539425
20,66,17.68362230456539
20,67,5.722399933743779
20,68,8.103224897644155
20,69,3.5593785379766323
20,70,13.393753220923585
20,71,106.39491516498674
20,72,66.01638984566907
20,73,10.300219463690405
20,74,7.464205372681131
20,75,10.603844367040521
20,76,12.589439627078335
20,77,4.604963096567353
20,78,4.07818054748041
20,79,4.548807028766143
20,80,6.6360939982719485
20,81,6.141364016485407
20,82,64.41423077831591
20,83,19.219876728244607
20,84,27.603446370847657
20,85,50.08534218247572
20,86,9.584046646826511
20,87,30.900446958089603
20,88,11.095779273327171
20,89,4.415085997111858
20,90,8.628233981920944
20,91,9.51346026746488
20,92,61.00556635569378
20,93,3.7220578835946982
20,94,2.8448599869725326
20,95,7.655352195413585
20,96,2.248502755491819
20,97,28.383786128579175
20,98,4.880697335878881
20,99,5.495859539687362
20,100,20.256425903778535
20,101,7.696286018819629
20,102,7.9213807501746745
20,103,7.814980612605434
20,104,21.568770191258317
20,105,6.551579847533898
20,106,9.710962118746012
20,107,4.581172763889649
20,108,83.52564294042547
20,109,40.41284636507978
20,110,21.65219787835814
20,111,14.185728577687764
20,112,48.58700116623753
20,113,10.745196918984478
20,114,25.080058175562502
20,115,7.718354521593021
20,116,6.362913990134252
20,117,15.860479640137687
20,118,7.836480173219722
20,119,9.777059584829173
20,120,5.637088980187131
20,121,13.764304888900394
20,122,5.387846995039742
20,123,12.219904011227674
20,124,19.674037941054674
20,125,7.022602184667222
20,126,12.160576063723589
20,127,6.382397163983739
20,128,13.798354680496653
20,129,23.174005873236606
20,130,5.448288349309091
20,131,19.11093444331763
20,132,11.498581060710421
20,133,9.99930979752844
20,134,9.660004986094341
20,135,4.715122826001895
20,136,3.2258754955782245
20,137,17.860284753548907
20,138,17.881783987410277
20,139,10.612467294873953
20,140,4.952925955474031
20,141,11.9619525108912
20,142,8.071969284130255
20,143,18.780799380013256
20,144,9.029329862888918
20,145,19.979697948172873
20,146,4.760269765098651
20,147,6.661664450664362
20,148,6.241578578265679
20,149,4.555818284691471
20,150,27.400489905469293
20,151,16.863924870393358
20,152,5.245521506373615
20,153,14.595168758319032
20,154,5.453592173639111
20,155,34.47443868664632
20,156,5.6933140672755975
20,157,13.087481614273146
20,158,13.0931955939739
20,159,15.528599554895619
20,160,33.573312679370254
20,161,4.876160638163
20,162,16.125628486277353
20,163,13.706838433400883
20,164,99.12640272369114
20,165,7.0949092935566185
20,166,21.72768618788959
20,167,18.16908470790501
20,168,37.984436169062505
20,169,26.991448735628587
20,170,26.57566817220881
20,171,29.49058383373064
20,172,28.531497931148753
20,173,37.39426566957806
20,174,30.41202196503604
20,175,25.06234689668866
20,176,28.070162370523054
20,177,4.74195460550394
20,178,241.70199745203223
